{
  "component_config_id" : "00abe33e-af85-437c-b5d7-1d42d10fe177",
  "endpoint_config_json" : null,
  "input_config_json" : null,
  "output_config_json" : null,
  "component_id" : "16b1a61f-f379-4811-be9d-0d91c39547d3",
  "service_id" : "9f2c72eb-c18a-40eb-bb5c-00826efe609d",
  "endpoint_id" : null,
  "parent_component_config_id" : null,
  "component_config_order" : 1.0,
  "action_id" : "09d57e63-9b50-4771-98e2-8fc07cb8bcd5",
  "name" : null,
  "description" : null,
  "override_endpoint" : false,
  "input_structure_json" : null,
  "output_structure_json" : null,
  "endpoint_structure_json" : null,
  "is_error" : false,
  "no_of_errors" : null,
  "action_input_type" : null,
  "config_service_id" : null,
  "config_imap_id" : null,
  "config_b2b_document_type_id" : null,
  "config_document_id" : null,
  "add_variables" : null,
  "drop_variables" : null,
  "plug_input_structure" : null,
  "plug_output_structure" : {
    "type" : "jsonb",
    "value" : "[{\"key\": \"/1APIServerRequest\", \"type\": \"object\", \"order\": 1.0, \"title\": \"1APIServerRequest\", \"value\": {\"type\": \"object\"}, \"children\": [{\"id\": \"678cb678-254d-422f-b581-2154fb06f4a0\", \"key\": \"/1APIServerRequest/pathParams\", \"order\": 0.0, \"title\": \"pathParams\", \"value\": {\"type\": \"object\"}, \"isLeaf\": false, \"children\": [], \"entityType\": \"componentConfig\", \"childrenSet\": false, \"hasChildren\": true, \"dataElementType\": \"document\", \"encryption_required\": false}, {\"id\": \"678cb678-254d-422f-b581-2154fb06f4a0\", \"key\": \"/1APIServerRequest/queryParams\", \"order\": 1.0, \"title\": \"queryParams\", \"value\": {\"type\": \"object\"}, \"isLeaf\": false, \"children\": [], \"entityType\": \"componentConfig\", \"childrenSet\": false, \"hasChildren\": true, \"dataElementType\": \"document\", \"encryption_required\": false}, {\"id\": \"678cb678-254d-422f-b581-2154fb06f4a0\", \"key\": \"/1APIServerRequest/headers\", \"order\": 2.0, \"title\": \"headers\", \"value\": {\"type\": \"object\"}, \"isLeaf\": false, \"children\": [], \"entityType\": \"componentConfig\", \"childrenSet\": false, \"hasChildren\": true, \"dataElementType\": \"document\", \"encryption_required\": false}], \"entityType\": \"componentConfig\", \"childrenSet\": false, \"hasChildren\": false, \"dataElementType\": \"document\", \"encryption_required\": false}, {\"key\": \"/1APIServerResponse\", \"type\": \"object\", \"order\": 1.0, \"title\": \"1APIServerResponse\", \"value\": {\"type\": \"object\"}, \"children\": [{\"key\": \"/1APIServerResponse/200\", \"type\": \"object\", \"order\": 1.0, \"title\": \"200\", \"value\": {\"type\": \"object\"}, \"children\": [{\"id\": \"678cb678-254d-422f-b581-2154fb06f4a0\", \"key\": \"/1APIServerResponse/200/MarketNews[]\", \"type\": \"array\", \"order\": 1.0, \"title\": \"MarketNews\", \"value\": {\"type\": \"array\", \"requiredFlag\": false}, \"isLeaf\": false, \"children\": [{\"id\": \"678cb678-254d-422f-b581-2154fb06f4a0\", \"key\": \"/1APIServerResponse/200/MarketNews[]/category\", \"type\": \"string\", \"order\": 2.0, \"title\": \"category\", \"value\": {\"type\": \"string\", \"requiredFlag\": false}, \"isLeaf\": true, \"entityType\": \"componentConfig\", \"childrenSet\": false, \"hasChildren\": false, \"dataElementType\": \"string\", \"encryption_required\": false}, {\"id\": \"678cb678-254d-422f-b581-2154fb06f4a0\", \"key\": \"/1APIServerResponse/200/MarketNews[]/datetime\", \"type\": \"integer\", \"order\": 3.0, \"title\": \"datetime\", \"value\": {\"type\": \"integer\", \"requiredFlag\": false}, \"isLeaf\": true, \"entityType\": \"componentConfig\", \"childrenSet\": false, \"hasChildren\": false, \"dataElementType\": \"integer\", \"encryption_required\": false}, {\"id\": \"678cb678-254d-422f-b581-2154fb06f4a0\", \"key\": \"/1APIServerResponse/200/MarketNews[]/headline\", \"type\": \"string\", \"order\": 4.0, \"title\": \"headline\", \"value\": {\"type\": \"string\", \"requiredFlag\": false}, \"isLeaf\": true, \"entityType\": \"componentConfig\", \"childrenSet\": false, \"hasChildren\": false, \"dataElementType\": \"string\", \"encryption_required\": false}, {\"id\": \"678cb678-254d-422f-b581-2154fb06f4a0\", \"key\": \"/1APIServerResponse/200/MarketNews[]/id\", \"type\": \"integer\", \"order\": 5.0, \"title\": \"id\", \"value\": {\"type\": \"integer\", \"requiredFlag\": false}, \"isLeaf\": true, \"entityType\": \"componentConfig\", \"childrenSet\": false, \"hasChildren\": false, \"dataElementType\": \"integer\", \"encryption_required\": false}, {\"id\": \"678cb678-254d-422f-b581-2154fb06f4a0\", \"key\": \"/1APIServerResponse/200/MarketNews[]/image\", \"type\": \"string\", \"order\": 6.0, \"title\": \"image\", \"value\": {\"type\": \"string\", \"requiredFlag\": false}, \"isLeaf\": true, \"entityType\": \"componentConfig\", \"childrenSet\": false, \"hasChildren\": false, \"dataElementType\": \"string\", \"encryption_required\": false}, {\"id\": \"678cb678-254d-422f-b581-2154fb06f4a0\", \"key\": \"/1APIServerResponse/200/MarketNews[]/related\", \"type\": \"string\", \"order\": 7.0, \"title\": \"related\", \"value\": {\"type\": \"string\", \"requiredFlag\": false}, \"isLeaf\": true, \"entityType\": \"componentConfig\", \"childrenSet\": false, \"hasChildren\": false, \"dataElementType\": \"string\", \"encryption_required\": false}, {\"id\": \"678cb678-254d-422f-b581-2154fb06f4a0\", \"key\": \"/1APIServerResponse/200/MarketNews[]/source\", \"type\": \"string\", \"order\": 8.0, \"title\": \"source\", \"value\": {\"type\": \"string\", \"requiredFlag\": false}, \"isLeaf\": true, \"entityType\": \"componentConfig\", \"childrenSet\": false, \"hasChildren\": false, \"dataElementType\": \"string\", \"encryption_required\": false}, {\"id\": \"678cb678-254d-422f-b581-2154fb06f4a0\", \"key\": \"/1APIServerResponse/200/MarketNews[]/summary\", \"type\": \"string\", \"order\": 9.0, \"title\": \"summary\", \"value\": {\"type\": \"string\", \"requiredFlag\": false}, \"isLeaf\": true, \"entityType\": \"componentConfig\", \"childrenSet\": false, \"hasChildren\": false, \"dataElementType\": \"string\", \"encryption_required\": false}, {\"id\": \"678cb678-254d-422f-b581-2154fb06f4a0\", \"key\": \"/1APIServerResponse/200/MarketNews[]/url\", \"type\": \"string\", \"order\": 10.0, \"title\": \"url\", \"value\": {\"type\": \"string\", \"requiredFlag\": false}, \"isLeaf\": true, \"entityType\": \"componentConfig\", \"childrenSet\": false, \"hasChildren\": false, \"dataElementType\": \"string\", \"encryption_required\": false}], \"entityType\": \"componentConfig\", \"childrenSet\": false, \"hasChildren\": false, \"dataElementType\": \"documentArray\", \"encryption_required\": false}, {\"id\": \"678cb678-254d-422f-b581-2154fb06f4a0\", \"key\": \"/1APIServerResponse/200/insights\", \"type\": \"object\", \"order\": 11.0, \"title\": \"insights\", \"value\": {\"type\": \"object\", \"requiredFlag\": false}, \"isLeaf\": false, \"children\": [{\"id\": \"678cb678-254d-422f-b581-2154fb06f4a0\", \"key\": \"/1APIServerResponse/200/insights/MarketSentiment[]\", \"type\": \"array\", \"order\": 12.0, \"title\": \"MarketSentiment\", \"value\": {\"type\": \"array\", \"requiredFlag\": false}, \"isLeaf\": false, \"children\": [{\"id\": \"678cb678-254d-422f-b581-2154fb06f4a0\", \"key\": \"/1APIServerResponse/200/insights/MarketSentiment[]/category\", \"type\": \"string\", \"order\": 13.0, \"title\": \"category\", \"value\": {\"type\": \"string\", \"requiredFlag\": false}, \"isLeaf\": true, \"entityType\": \"componentConfig\", \"childrenSet\": false, \"hasChildren\": false, \"dataElementType\": \"string\", \"encryption_required\": false}, {\"id\": \"678cb678-254d-422f-b581-2154fb06f4a0\", \"key\": \"/1APIServerResponse/200/insights/MarketSentiment[]/sentiment\", \"type\": \"string\", \"order\": 14.0, \"title\": \"sentiment\", \"value\": {\"type\": \"string\", \"requiredFlag\": false}, \"isLeaf\": true, \"entityType\": \"componentConfig\", \"childrenSet\": false, \"hasChildren\": false, \"dataElementType\": \"string\", \"encryption_required\": false}, {\"id\": \"678cb678-254d-422f-b581-2154fb06f4a0\", \"key\": \"/1APIServerResponse/200/insights/MarketSentiment[]/keyPoints[]\", \"type\": \"array\", \"order\": 15.0, \"title\": \"keyPoints\", \"value\": {\"type\": \"array\", \"requiredFlag\": false}, \"isLeaf\": false, \"entityType\": \"componentConfig\", \"childrenSet\": false, \"hasChildren\": false, \"dataElementType\": \"stringArray\", \"encryption_required\": false}], \"entityType\": \"componentConfig\", \"childrenSet\": false, \"hasChildren\": false, \"dataElementType\": \"documentArray\", \"encryption_required\": false}, {\"id\": \"678cb678-254d-422f-b581-2154fb06f4a0\", \"key\": \"/1APIServerResponse/200/insights/ConsumerBehaviorInsights[]\", \"type\": \"array\", \"order\": 16.0, \"title\": \"ConsumerBehaviorInsights\", \"value\": {\"type\": \"array\", \"requiredFlag\": false}, \"isLeaf\": false, \"children\": [{\"id\": \"678cb678-254d-422f-b581-2154fb06f4a0\", \"key\": \"/1APIServerResponse/200/insights/ConsumerBehaviorInsights[]/trend\", \"type\": \"string\", \"order\": 17.0, \"title\": \"trend\", \"value\": {\"type\": \"string\", \"requiredFlag\": false}, \"isLeaf\": true, \"entityType\": \"componentConfig\", \"childrenSet\": false, \"hasChildren\": false, \"dataElementType\": \"string\", \"encryption_required\": false}, {\"id\": \"678cb678-254d-422f-b581-2154fb06f4a0\", \"key\": \"/1APIServerResponse/200/insights/ConsumerBehaviorInsights[]/impact\", \"type\": \"string\", \"order\": 18.0, \"title\": \"impact\", \"value\": {\"type\": \"string\", \"requiredFlag\": false}, \"isLeaf\": true, \"entityType\": \"componentConfig\", \"childrenSet\": false, \"hasChildren\": false, \"dataElementType\": \"string\", \"encryption_required\": false}, {\"id\": \"678cb678-254d-422f-b581-2154fb06f4a0\", \"key\": \"/1APIServerResponse/200/insights/ConsumerBehaviorInsights[]/description\", \"type\": \"string\", \"order\": 19.0, \"title\": \"description\", \"value\": {\"type\": \"string\", \"requiredFlag\": false}, \"isLeaf\": true, \"entityType\": \"componentConfig\", \"childrenSet\": false, \"hasChildren\": false, \"dataElementType\": \"string\", \"encryption_required\": false}], \"entityType\": \"componentConfig\", \"childrenSet\": false, \"hasChildren\": false, \"dataElementType\": \"documentArray\", \"encryption_required\": false}, {\"id\": \"678cb678-254d-422f-b581-2154fb06f4a0\", \"key\": \"/1APIServerResponse/200/insights/VolatilityAndInvestmentInsights[]\", \"type\": \"array\", \"order\": 20.0, \"title\": \"VolatilityAndInvestmentInsights\", \"value\": {\"type\": \"array\", \"requiredFlag\": false}, \"isLeaf\": false, \"children\": [{\"id\": \"678cb678-254d-422f-b581-2154fb06f4a0\", \"key\": \"/1APIServerResponse/200/insights/VolatilityAndInvestmentInsights[]/assetClass\", \"type\": \"string\", \"order\": 21.0, \"title\": \"assetClass\", \"value\": {\"type\": \"string\", \"requiredFlag\": false}, \"isLeaf\": true, \"entityType\": \"componentConfig\", \"childrenSet\": false, \"hasChildren\": false, \"dataElementType\": \"string\", \"encryption_required\": false}, {\"id\": \"678cb678-254d-422f-b581-2154fb06f4a0\", \"key\": \"/1APIServerResponse/200/insights/VolatilityAndInvestmentInsights[]/volatility\", \"type\": \"string\", \"order\": 22.0, \"title\": \"volatility\", \"value\": {\"type\": \"string\", \"requiredFlag\": false}, \"isLeaf\": true, \"entityType\": \"componentConfig\", \"childrenSet\": false, \"hasChildren\": false, \"dataElementType\": \"string\", \"encryption_required\": false}, {\"id\": \"678cb678-254d-422f-b581-2154fb06f4a0\", \"key\": \"/1APIServerResponse/200/insights/VolatilityAndInvestmentInsights[]/investmentOpportunity\", \"type\": \"string\", \"order\": 23.0, \"title\": \"investmentOpportunity\", \"value\": {\"type\": \"string\", \"requiredFlag\": false}, \"isLeaf\": true, \"entityType\": \"componentConfig\", \"childrenSet\": false, \"hasChildren\": false, \"dataElementType\": \"string\", \"encryption_required\": false}, {\"id\": \"678cb678-254d-422f-b581-2154fb06f4a0\", \"key\": \"/1APIServerResponse/200/insights/VolatilityAndInvestmentInsights[]/riskLevel\", \"type\": \"string\", \"order\": 24.0, \"title\": \"riskLevel\", \"value\": {\"type\": \"string\", \"requiredFlag\": false}, \"isLeaf\": true, \"entityType\": \"componentConfig\", \"childrenSet\": false, \"hasChildren\": false, \"dataElementType\": \"string\", \"encryption_required\": false}], \"entityType\": \"componentConfig\", \"childrenSet\": false, \"hasChildren\": false, \"dataElementType\": \"documentArray\", \"encryption_required\": false}], \"entityType\": \"componentConfig\", \"childrenSet\": false, \"hasChildren\": false, \"dataElementType\": \"document\", \"encryption_required\": false}, {\"id\": \"678cb678-254d-422f-b581-2154fb06f4a0\", \"key\": \"/1APIServerResponse/200/responseHeaders\", \"type\": \"object\", \"order\": 25.0, \"title\": \"responseHeaders\", \"value\": {\"type\": \"object\", \"requiredFlag\": false}, \"isLeaf\": false, \"children\": [{\"id\": \"678cb678-254d-422f-b581-2154fb06f4a0\", \"key\": \"/1APIServerResponse/200/responseHeaders/Transfer-Encoding\", \"type\": \"string\", \"order\": 26.0, \"title\": \"Transfer-Encoding\", \"value\": {\"type\": \"string\", \"requiredFlag\": false}, \"isLeaf\": true, \"entityType\": \"componentConfig\", \"childrenSet\": false, \"hasChildren\": false, \"dataElementType\": \"string\", \"encryption_required\": false}, {\"id\": \"678cb678-254d-422f-b581-2154fb06f4a0\", \"key\": \"/1APIServerResponse/200/responseHeaders/Retry-After\", \"type\": \"string\", \"order\": 27.0, \"title\": \"Retry-After\", \"value\": {\"type\": \"string\", \"requiredFlag\": false}, \"isLeaf\": true, \"entityType\": \"componentConfig\", \"childrenSet\": false, \"hasChildren\": false, \"dataElementType\": \"string\", \"encryption_required\": false}, {\"id\": \"678cb678-254d-422f-b581-2154fb06f4a0\", \"key\": \"/1APIServerResponse/200/responseHeaders/Access-Control-Allow-Origin\", \"type\": \"string\", \"order\": 28.0, \"title\": \"Access-Control-Allow-Origin\", \"value\": {\"type\": \"string\", \"requiredFlag\": false}, \"isLeaf\": true, \"entityType\": \"componentConfig\", \"childrenSet\": false, \"hasChildren\": false, \"dataElementType\": \"string\", \"encryption_required\": false}, {\"id\": \"678cb678-254d-422f-b581-2154fb06f4a0\", \"key\": \"/1APIServerResponse/200/responseHeaders/ETag\", \"type\": \"string\", \"order\": 29.0, \"title\": \"ETag\", \"value\": {\"type\": \"string\", \"requiredFlag\": false}, \"isLeaf\": true, \"entityType\": \"componentConfig\", \"childrenSet\": false, \"hasChildren\": false, \"dataElementType\": \"string\", \"encryption_required\": false}, {\"id\": \"678cb678-254d-422f-b581-2154fb06f4a0\", \"key\": \"/1APIServerResponse/200/responseHeaders/Content-Encoding\", \"type\": \"string\", \"order\": 30.0, \"title\": \"Content-Encoding\", \"value\": {\"type\": \"string\", \"requiredFlag\": false}, \"isLeaf\": true, \"entityType\": \"componentConfig\", \"childrenSet\": false, \"hasChildren\": false, \"dataElementType\": \"string\", \"encryption_required\": false}, {\"id\": \"678cb678-254d-422f-b581-2154fb06f4a0\", \"key\": \"/1APIServerResponse/200/responseHeaders/Set-Cookie\", \"type\": \"string\", \"order\": 31.0, \"title\": \"Set-Cookie\", \"value\": {\"type\": \"string\", \"requiredFlag\": false}, \"isLeaf\": true, \"entityType\": \"componentConfig\", \"childrenSet\": false, \"hasChildren\": false, \"dataElementType\": \"string\", \"encryption_required\": false}, {\"id\": \"678cb678-254d-422f-b581-2154fb06f4a0\", \"key\": \"/1APIServerResponse/200/responseHeaders/Expires\", \"type\": \"string\", \"order\": 32.0, \"title\": \"Expires\", \"value\": {\"type\": \"string\", \"requiredFlag\": false}, \"isLeaf\": true, \"entityType\": \"componentConfig\", \"childrenSet\": false, \"hasChildren\": false, \"dataElementType\": \"string\", \"encryption_required\": false}, {\"id\": \"678cb678-254d-422f-b581-2154fb06f4a0\", \"key\": \"/1APIServerResponse/200/responseHeaders/Last-Modified\", \"type\": \"string\", \"order\": 33.0, \"title\": \"Last-Modified\", \"value\": {\"type\": \"string\", \"requiredFlag\": false}, \"isLeaf\": true, \"entityType\": \"componentConfig\", \"childrenSet\": false, \"hasChildren\": false, \"dataElementType\": \"string\", \"encryption_required\": false}, {\"id\": \"678cb678-254d-422f-b581-2154fb06f4a0\", \"key\": \"/1APIServerResponse/200/responseHeaders/Content-Language\", \"type\": \"string\", \"order\": 34.0, \"title\": \"Content-Language\", \"value\": {\"type\": \"string\", \"requiredFlag\": false}, \"isLeaf\": true, \"entityType\": \"componentConfig\", \"childrenSet\": false, \"hasChildren\": false, \"dataElementType\": \"string\", \"encryption_required\": false}, {\"id\": \"678cb678-254d-422f-b581-2154fb06f4a0\", \"key\": \"/1APIServerResponse/200/responseHeaders/Allow\", \"type\": \"string\", \"order\": 35.0, \"title\": \"Allow\", \"value\": {\"type\": \"string\", \"requiredFlag\": false}, \"isLeaf\": true, \"entityType\": \"componentConfig\", \"childrenSet\": false, \"hasChildren\": false, \"dataElementType\": \"string\", \"encryption_required\": false}, {\"id\": \"678cb678-254d-422f-b581-2154fb06f4a0\", \"key\": \"/1APIServerResponse/200/responseHeaders/Content-Type\", \"type\": \"string\", \"order\": 36.0, \"title\": \"Content-Type\", \"value\": {\"type\": \"string\", \"requiredFlag\": false}, \"isLeaf\": true, \"entityType\": \"componentConfig\", \"childrenSet\": false, \"hasChildren\": false, \"dataElementType\": \"string\", \"encryption_required\": false}, {\"id\": \"678cb678-254d-422f-b581-2154fb06f4a0\", \"key\": \"/1APIServerResponse/200/responseHeaders/Location\", \"type\": \"string\", \"order\": 37.0, \"title\": \"Location\", \"value\": {\"type\": \"string\", \"requiredFlag\": false}, \"isLeaf\": true, \"entityType\": \"componentConfig\", \"childrenSet\": false, \"hasChildren\": false, \"dataElementType\": \"string\", \"encryption_required\": false}], \"entityType\": \"componentConfig\", \"childrenSet\": false, \"hasChildren\": false, \"dataElementType\": \"document\", \"encryption_required\": false}], \"entityType\": \"componentConfig\", \"childrenSet\": false, \"hasChildren\": false, \"dataElementType\": \"document\", \"encryption_required\": false}, {\"key\": \"/1APIServerResponse/default\", \"type\": \"object\", \"order\": 1.0, \"title\": \"default\", \"value\": {\"type\": \"object\"}, \"children\": [{\"id\": \"678cb678-254d-422f-b581-2154fb06f4a0\", \"key\": \"/1APIServerResponse/default/responseHeaders\", \"type\": \"object\", \"order\": 1.0, \"title\": \"responseHeaders\", \"value\": {\"type\": \"object\", \"requiredFlag\": false}, \"isLeaf\": false, \"children\": [{\"id\": \"678cb678-254d-422f-b581-2154fb06f4a0\", \"key\": \"/1APIServerResponse/default/responseHeaders/Transfer-Encoding\", \"type\": \"string\", \"order\": 2.0, \"title\": \"Transfer-Encoding\", \"value\": {\"type\": \"string\", \"requiredFlag\": false}, \"isLeaf\": true, \"entityType\": \"componentConfig\", \"childrenSet\": false, \"hasChildren\": false, \"dataElementType\": \"string\", \"encryption_required\": false}, {\"id\": \"678cb678-254d-422f-b581-2154fb06f4a0\", \"key\": \"/1APIServerResponse/default/responseHeaders/Retry-After\", \"type\": \"string\", \"order\": 3.0, \"title\": \"Retry-After\", \"value\": {\"type\": \"string\", \"requiredFlag\": false}, \"isLeaf\": true, \"entityType\": \"componentConfig\", \"childrenSet\": false, \"hasChildren\": false, \"dataElementType\": \"string\", \"encryption_required\": false}, {\"id\": \"678cb678-254d-422f-b581-2154fb06f4a0\", \"key\": \"/1APIServerResponse/default/responseHeaders/Access-Control-Allow-Origin\", \"type\": \"string\", \"order\": 4.0, \"title\": \"Access-Control-Allow-Origin\", \"value\": {\"type\": \"string\", \"requiredFlag\": false}, \"isLeaf\": true, \"entityType\": \"componentConfig\", \"childrenSet\": false, \"hasChildren\": false, \"dataElementType\": \"string\", \"encryption_required\": false}, {\"id\": \"678cb678-254d-422f-b581-2154fb06f4a0\", \"key\": \"/1APIServerResponse/default/responseHeaders/ETag\", \"type\": \"string\", \"order\": 5.0, \"title\": \"ETag\", \"value\": {\"type\": \"string\", \"requiredFlag\": false}, \"isLeaf\": true, \"entityType\": \"componentConfig\", \"childrenSet\": false, \"hasChildren\": false, \"dataElementType\": \"string\", \"encryption_required\": false}, {\"id\": \"678cb678-254d-422f-b581-2154fb06f4a0\", \"key\": \"/1APIServerResponse/default/responseHeaders/Content-Encoding\", \"type\": \"string\", \"order\": 6.0, \"title\": \"Content-Encoding\", \"value\": {\"type\": \"string\", \"requiredFlag\": false}, \"isLeaf\": true, \"entityType\": \"componentConfig\", \"childrenSet\": false, \"hasChildren\": false, \"dataElementType\": \"string\", \"encryption_required\": false}, {\"id\": \"678cb678-254d-422f-b581-2154fb06f4a0\", \"key\": \"/1APIServerResponse/default/responseHeaders/Set-Cookie\", \"type\": \"string\", \"order\": 7.0, \"title\": \"Set-Cookie\", \"value\": {\"type\": \"string\", \"requiredFlag\": false}, \"isLeaf\": true, \"entityType\": \"componentConfig\", \"childrenSet\": false, \"hasChildren\": false, \"dataElementType\": \"string\", \"encryption_required\": false}, {\"id\": \"678cb678-254d-422f-b581-2154fb06f4a0\", \"key\": \"/1APIServerResponse/default/responseHeaders/Expires\", \"type\": \"string\", \"order\": 8.0, \"title\": \"Expires\", \"value\": {\"type\": \"string\", \"requiredFlag\": false}, \"isLeaf\": true, \"entityType\": \"componentConfig\", \"childrenSet\": false, \"hasChildren\": false, \"dataElementType\": \"string\", \"encryption_required\": false}, {\"id\": \"678cb678-254d-422f-b581-2154fb06f4a0\", \"key\": \"/1APIServerResponse/default/responseHeaders/Last-Modified\", \"type\": \"string\", \"order\": 9.0, \"title\": \"Last-Modified\", \"value\": {\"type\": \"string\", \"requiredFlag\": false}, \"isLeaf\": true, \"entityType\": \"componentConfig\", \"childrenSet\": false, \"hasChildren\": false, \"dataElementType\": \"string\", \"encryption_required\": false}, {\"id\": \"678cb678-254d-422f-b581-2154fb06f4a0\", \"key\": \"/1APIServerResponse/default/responseHeaders/Content-Language\", \"type\": \"string\", \"order\": 10.0, \"title\": \"Content-Language\", \"value\": {\"type\": \"string\", \"requiredFlag\": false}, \"isLeaf\": true, \"entityType\": \"componentConfig\", \"childrenSet\": false, \"hasChildren\": false, \"dataElementType\": \"string\", \"encryption_required\": false}, {\"id\": \"678cb678-254d-422f-b581-2154fb06f4a0\", \"key\": \"/1APIServerResponse/default/responseHeaders/Allow\", \"type\": \"string\", \"order\": 11.0, \"title\": \"Allow\", \"value\": {\"type\": \"string\", \"requiredFlag\": false}, \"isLeaf\": true, \"entityType\": \"componentConfig\", \"childrenSet\": false, \"hasChildren\": false, \"dataElementType\": \"string\", \"encryption_required\": false}, {\"id\": \"678cb678-254d-422f-b581-2154fb06f4a0\", \"key\": \"/1APIServerResponse/default/responseHeaders/Content-Type\", \"type\": \"string\", \"order\": 12.0, \"title\": \"Content-Type\", \"value\": {\"type\": \"string\", \"requiredFlag\": false}, \"isLeaf\": true, \"entityType\": \"componentConfig\", \"childrenSet\": false, \"hasChildren\": false, \"dataElementType\": \"string\", \"encryption_required\": false}, {\"id\": \"678cb678-254d-422f-b581-2154fb06f4a0\", \"key\": \"/1APIServerResponse/default/responseHeaders/Location\", \"type\": \"string\", \"order\": 13.0, \"title\": \"Location\", \"value\": {\"type\": \"string\", \"requiredFlag\": false}, \"isLeaf\": true, \"entityType\": \"componentConfig\", \"childrenSet\": false, \"hasChildren\": false, \"dataElementType\": \"string\", \"encryption_required\": false}], \"entityType\": \"componentConfig\", \"childrenSet\": false, \"hasChildren\": false, \"dataElementType\": \"document\", \"encryption_required\": false}, {\"id\": \"678cb678-254d-422f-b581-2154fb06f4a0\", \"key\": \"/1APIServerResponse/default/content\", \"type\": \"object\", \"order\": 14.0, \"title\": \"content\", \"value\": {\"type\": \"object\", \"requiredFlag\": false}, \"isLeaf\": false, \"entityType\": \"componentConfig\", \"childrenSet\": false, \"hasChildren\": false, \"dataElementType\": \"object\", \"encryption_required\": false}], \"entityType\": \"componentConfig\", \"childrenSet\": false, \"hasChildren\": false, \"dataElementType\": \"document\", \"encryption_required\": false}], \"entityType\": \"componentConfig\", \"childrenSet\": false, \"hasChildren\": false, \"dataElementType\": \"document\", \"encryption_required\": false}]",
    "null" : false
  },
  "config_plug_id" : null,
  "override_plug" : false,
  "config_java_service_id" : null,
  "service_tag" : "V2",
  "endpoint_tag" : null,
  "config_service_tag" : null,
  "config_imap_tag" : null,
  "config_b2b_document_type_tag" : null,
  "active" : false,
  "parent_component_config_service_tag" : "V2",
  "service_project_id" : "f20f9ca9-d5bb-4111-ab08-98d39f778fbb",
  "service_project_tag" : "V2",
  "config_service_project_id" : null,
  "config_service_project_tag" : null,
  "config_imap_project_id" : null,
  "config_imap_project_tag" : null,
  "config_b2b_document_type_project_id" : null,
  "config_b2b_document_type_project_tag" : null,
  "endpoint_project_id" : null,
  "endpoint_project_tag" : null,
  "config_plug_tag" : null,
  "config_plug_project_id" : null,
  "config_plug_project_tag" : null,
  "config_java_service_tag" : null,
  "config_java_service_project_id" : null,
  "config_java_service_project_tag" : null,
  "disabled" : false,
  "config" : {
    "type" : "json",
    "value" : "{\"api\":{\"id\":\"b3f76e1b-55ca-4066-9da1-a6aa562a1976\",\"name\":\"EnhancedMarketNews\",\"projectId\":\"f20f9ca9-d5bb-4111-ab08-98d39f778fbb\",\"projectName\":\"EnhancedMarketNews\",\"integrationId\":\"4b85aa3b-9c1a-438e-9114-37edd4802b1f\",\"entityId\":\"8607e21b-6bb2-4364-b1db-f166fd5fa6d7\",\"apiServiceId\":\"a9ba0776-149d-4425-8266-e1fe66b827a6\"},\"operations\":[{\"id\":\"ff372f00-6659-418b-bee4-0253dcaeca54\",\"method\":\"GET\",\"path\":\"/marketnewinsights\",\"operationId\":\"Market Insights API-1.0.0 1\"}]}",
    "null" : false
  },
  "config_b2b_document_type_project_mode_id" : "112c1cb8-4b9e-4d1a-a042-0bd031dc7d05",
  "config_imap_project_mode_id" : "112c1cb8-4b9e-4d1a-a042-0bd031dc7d05",
  "config_java_service_project_mode_id" : "112c1cb8-4b9e-4d1a-a042-0bd031dc7d05",
  "config_plug_project_mode_id" : "112c1cb8-4b9e-4d1a-a042-0bd031dc7d05",
  "config_service_project_mode_id" : "112c1cb8-4b9e-4d1a-a042-0bd031dc7d05",
  "endpoint_project_mode_id" : "112c1cb8-4b9e-4d1a-a042-0bd031dc7d05",
  "service_project_mode_id" : "112c1cb8-4b9e-4d1a-a042-0bd031dc7d05",
  "parent_component_config_service_project_mode_id" : "112c1cb8-4b9e-4d1a-a042-0bd031dc7d05",
  "is_audit" : true,
  "keys_with_order" : null
}