{
  "component_config_id" : "1a49b449-06d6-4011-b19c-5d625a1f5429",
  "endpoint_config_json" : {
    "type" : "jsonb",
    "value" : "{\"crossRef\": [], \"services\": [], \"multistep\": [], \"operations\": []}",
    "null" : false
  },
  "input_config_json" : {
    "type" : "jsonb",
    "value" : "{\"crossRef\": [], \"services\": [], \"multistep\": [], \"operations\": []}",
    "null" : false
  },
  "output_config_json" : {
    "type" : "jsonb",
    "value" : "{\"crossRef\": [], \"services\": [], \"multistep\": [], \"operations\": [{\"transformer\": {\"id\": \"4445b853-0551-4c48-b534-e996c1a7ce6a\", \"name\": \"STRING_REPLACE\", \"type\": \"String\", \"query\": null, \"inputs\": [{\"id\": \"15181988-033d-4d8c-8a20-eea3daa7cc66\", \"root\": false, \"type\": \"map\", \"cached\": false, \"source\": \"/jsonString\", \"target\": \"/STRING_REPLACE_INPUT/inputString\", \"mapNull\": false, \"disabled\": false, \"extractXml\": false, \"extractJson\": false, \"mapEmptyString\": false, \"sourceJavaType\": \"java.lang.String\", \"targetJavaType\": \"java.lang.String\"}, {\"id\": \"13db8083-e391-4b0d-b1bc-3053ae24bf97\", \"root\": false, \"type\": \"setValue\", \"cached\": false, \"target\": \"/STRING_REPLACE_INPUT/searchValue\", \"mapNull\": false, \"disabled\": false, \"extractXml\": false, \"extractJson\": false, \"targetValue\": \"\\\"\", \"mapEmptyString\": false, \"targetJavaType\": \"java.lang.String\", \"variableSubstitution\": false}, {\"id\": \"b0985452-9879-47e2-b2a0-23d3cbc4fb0d\", \"root\": false, \"type\": \"setValue\", \"cached\": false, \"target\": \"/STRING_REPLACE_INPUT/replaceWith\", \"mapNull\": false, \"disabled\": false, \"extractXml\": false, \"extractJson\": false, \"targetValue\": \"/\\\"\", \"mapEmptyString\": false, \"targetJavaType\": \"java.lang.String\", \"variableSubstitution\": false}], \"outputs\": [{\"id\": \"8ea7c593-16fc-4b9d-bd72-bf2403fcce00\", \"root\": false, \"type\": \"map\", \"cached\": false, \"source\": \"/STRING_REPLACE_OUTPUT/output\", \"target\": \"/jsonString\", \"mapNull\": false, \"disabled\": false, \"extractXml\": false, \"extractJson\": false, \"targetOrder\": 1.0, \"mapEmptyString\": false, \"sourceJavaType\": \"java.lang.String\", \"targetJavaType\": \"java.lang.String\"}], \"tableId\": null, \"configId\": null, \"disabled\": false, \"serviceId\": null, \"expression\": null}}]}",
    "null" : false
  },
  "component_id" : "8ac5fe03-27a2-4e6a-a449-6a8893818223",
  "service_id" : "a506f409-e86b-491a-abef-b4801eabad21",
  "endpoint_id" : null,
  "parent_component_config_id" : null,
  "component_config_order" : 1.6875,
  "action_id" : "06843b78-eab0-45da-afab-8c8277d7553f",
  "name" : "Replace",
  "description" : "",
  "override_endpoint" : false,
  "input_structure_json" : {
    "type" : "jsonb",
    "value" : "{\"maps\": [], \"mappedNodes\": [\"/jsonString pipeIn\", \"/STRING_REPLACE_INPUT/inputString0\", \"/STRING_REPLACE_OUTPUT/output0\", \"/jsonStringpipeOut\", \"/STRING_REPLACE_INPUT/searchValue\", \"/STRING_REPLACE_INPUT\", \"/STRING_REPLACE_INPUT/replaceWith\", \"/STRING_REPLACE_INPUT\"]}",
    "null" : false
  },
  "output_structure_json" : {
    "type" : "jsonb",
    "value" : "{\"maps\": [], \"tracks\": {}, \"transformer\": [{\"inputs\": {\"/STRING_REPLACE_INPUT/inputString\": [{\"type\": \"map\", \"source\": {\"path\": \"/jsonString\", \"title\": \"jsonString\", \"dataElementType\": \"string\"}, \"target\": {\"path\": \"/STRING_REPLACE_INPUT/inputString\", \"title\": \"inputString\", \"dataElementType\": \"string\"}, \"mapCondition\": {\"isConditionSet\": false, \"sourceTreeIndex\": [], \"targetTreeIndex\": [], \"mapConditionFormValue\": {}}}], \"/STRING_REPLACE_INPUT/replaceWith\": [{\"type\": \"setValue\", \"target\": {\"path\": \"/STRING_REPLACE_INPUT/replaceWith\", \"order\": \"\", \"title\": \"replaceWith\", \"dataElementType\": \"string\"}, \"values\": [{\"id\": \"c6f85b81-2d82-462f-a099-1176a29b8914\", \"key\": \"/STRING_REPLACE_INPUT/replaceWith\", \"type\": \"string\", \"title\": \"replaceWith\", \"isLeaf\": true, \"secret\": false, \"children\": [], \"setValue\": null, \"uiElement\": \"/\\\"\", \"isSetValue\": false, \"dataElementType\": \"string\"}], \"mapCondition\": {\"isConditionSet\": false, \"sourceTreeIndex\": [], \"targetTreeIndex\": [], \"mapConditionFormValue\": {}}, \"variableSubstitution\": false, \"overwritePipelineValue\": false}], \"/STRING_REPLACE_INPUT/searchValue\": [{\"type\": \"setValue\", \"target\": {\"path\": \"/STRING_REPLACE_INPUT/searchValue\", \"order\": \"\", \"title\": \"searchValue\", \"dataElementType\": \"string\"}, \"values\": [{\"id\": \"74500534-eb43-40c2-8fb7-984c14317f01\", \"key\": \"/STRING_REPLACE_INPUT/searchValue\", \"type\": \"string\", \"title\": \"searchValue\", \"isLeaf\": true, \"secret\": false, \"children\": [], \"setValue\": null, \"uiElement\": \"\\\"\", \"isSetValue\": false, \"dataElementType\": \"string\"}], \"mapCondition\": {\"isConditionSet\": false, \"sourceTreeIndex\": [], \"targetTreeIndex\": [], \"mapConditionFormValue\": {}}, \"variableSubstitution\": false, \"overwritePipelineValue\": false}]}, \"outputs\": {\"/jsonString\": [{\"type\": \"map\", \"source\": {\"path\": \"/STRING_REPLACE_OUTPUT/output\", \"title\": \"output\", \"dataElementType\": \"string\"}, \"target\": {\"path\": \"/jsonString\", \"order\": 1, \"title\": \"jsonString\", \"dataElementType\": \"string\"}, \"mapCondition\": {\"isConditionSet\": false, \"sourceTreeIndex\": [], \"targetTreeIndex\": [], \"mapConditionFormValue\": {}}}]}, \"functionInfo\": {\"id\": \"98c40b6e-382e-49f4-bc8f-f4862bc82c5a\", \"name\": \"Replace\", \"category\": {\"id\": \"7e335ebf-c122-41de-a87f-8e4cb8f39ff6\"}, \"internalName\": \"STRING_REPLACE\"}}]}",
    "null" : false
  },
  "endpoint_structure_json" : {
    "type" : "jsonb",
    "value" : "{\"maps\": []}",
    "null" : false
  },
  "is_error" : false,
  "no_of_errors" : 0,
  "action_input_type" : null,
  "config_service_id" : null,
  "config_imap_id" : null,
  "config_b2b_document_type_id" : null,
  "config_document_id" : null,
  "add_variables" : {
    "type" : "jsonb",
    "value" : "[]",
    "null" : false
  },
  "drop_variables" : {
    "type" : "jsonb",
    "value" : "[]",
    "null" : false
  },
  "plug_input_structure" : null,
  "plug_output_structure" : null,
  "config_plug_id" : null,
  "override_plug" : false,
  "config_java_service_id" : null,
  "service_tag" : "V2",
  "endpoint_tag" : null,
  "config_service_tag" : "",
  "config_imap_tag" : "",
  "config_b2b_document_type_tag" : "",
  "active" : false,
  "parent_component_config_service_tag" : "V2",
  "service_project_id" : "f20f9ca9-d5bb-4111-ab08-98d39f778fbb",
  "service_project_tag" : "V2",
  "config_service_project_id" : null,
  "config_service_project_tag" : "",
  "config_imap_project_id" : null,
  "config_imap_project_tag" : "",
  "config_b2b_document_type_project_id" : null,
  "config_b2b_document_type_project_tag" : "",
  "endpoint_project_id" : null,
  "endpoint_project_tag" : null,
  "config_plug_tag" : null,
  "config_plug_project_id" : null,
  "config_plug_project_tag" : null,
  "config_java_service_tag" : "",
  "config_java_service_project_id" : null,
  "config_java_service_project_tag" : "",
  "disabled" : false,
  "config" : null,
  "config_b2b_document_type_project_mode_id" : "112c1cb8-4b9e-4d1a-a042-0bd031dc7d05",
  "config_imap_project_mode_id" : "112c1cb8-4b9e-4d1a-a042-0bd031dc7d05",
  "config_java_service_project_mode_id" : "112c1cb8-4b9e-4d1a-a042-0bd031dc7d05",
  "config_plug_project_mode_id" : "112c1cb8-4b9e-4d1a-a042-0bd031dc7d05",
  "config_service_project_mode_id" : "112c1cb8-4b9e-4d1a-a042-0bd031dc7d05",
  "endpoint_project_mode_id" : "112c1cb8-4b9e-4d1a-a042-0bd031dc7d05",
  "service_project_mode_id" : "112c1cb8-4b9e-4d1a-a042-0bd031dc7d05",
  "parent_component_config_service_project_mode_id" : "112c1cb8-4b9e-4d1a-a042-0bd031dc7d05",
  "is_audit" : true,
  "keys_with_order" : null
}