{
  "component_config_id" : "78bc6b78-d943-49cd-be8a-4b61f9e9d98b",
  "endpoint_config_json" : {
    "type" : "jsonb",
    "value" : "{\"crossRef\": [], \"services\": [], \"multistep\": [], \"operations\": []}",
    "null" : false
  },
  "input_config_json" : {
    "type" : "jsonb",
    "value" : "{\"crossRef\": [], \"services\": [], \"multistep\": [], \"operations\": []}",
    "null" : false
  },
  "output_config_json" : {
    "type" : "jsonb",
    "value" : "{\"crossRef\": [], \"services\": [], \"multistep\": [], \"operations\": [{\"map\": {\"id\": \"63b9c90e-bb25-455b-a463-91c93ccd515b\", \"root\": true, \"type\": \"map\", \"cached\": false, \"source\": \"/FinalResponse\", \"target\": \"/getenhancedmarketnewsOutput/ResponseBody\", \"mapNull\": false, \"disabled\": false, \"extractXml\": false, \"extractJson\": false, \"targetOrder\": 1.0, \"mapEmptyString\": false}}, {\"map\": {\"id\": \"09a6f45e-415a-4f24-b15e-5c1ea67eae3f\", \"root\": false, \"type\": \"setValue\", \"cached\": false, \"target\": \"/getenhancedmarketnewsOutput/ResponseStatus\", \"mapNull\": false, \"disabled\": false, \"extractXml\": false, \"extractJson\": false, \"targetOrder\": 1.0, \"targetValue\": \"200\", \"mapEmptyString\": false, \"targetJavaType\": \"java.lang.String\", \"variableSubstitution\": false}}]}",
    "null" : false
  },
  "component_id" : "8ac5fe03-27a2-4e6a-a449-6a8893818223",
  "service_id" : "a506f409-e86b-491a-abef-b4801eabad21",
  "endpoint_id" : null,
  "parent_component_config_id" : null,
  "component_config_order" : 6.0,
  "action_id" : "06843b78-eab0-45da-afab-8c8277d7553f",
  "name" : "Set output",
  "description" : "",
  "override_endpoint" : false,
  "input_structure_json" : {
    "type" : "jsonb",
    "value" : "{\"maps\": [], \"mappedNodes\": [\"/getenhancedmarketnewsOutput/ResponseStatuspipeOut\", \"/getenhancedmarketnewsOutputpipeOut\", \"/FinalResponse pipeIn\", \"/getenhancedmarketnewsOutput/ResponseBodypipeOut\"]}",
    "null" : false
  },
  "output_structure_json" : {
    "type" : "jsonb",
    "value" : "{\"maps\": [{\"/getenhancedmarketnewsOutput/ResponseStatus\": [{\"type\": \"setValue\", \"order\": 1, \"target\": {\"path\": \"/getenhancedmarketnewsOutput/ResponseStatus\", \"order\": 1, \"title\": \"ResponseStatus\", \"dataElementType\": \"string\"}, \"values\": [{\"id\": \"b522d73e-d82c-4ba0-ad95-601b0b3cda6f\", \"key\": \"/getenhancedmarketnewsOutput/ResponseStatus\", \"type\": \"node\", \"order\": 1, \"title\": \"ResponseStatus\", \"children\": [], \"setValue\": null, \"editAllow\": true, \"uiElement\": \"200\", \"isSetValue\": false, \"childrenSet\": false, \"hasChildren\": false, \"dataElementType\": \"string\", \"encryption_required\": false}], \"mapCondition\": {\"isConditionSet\": false, \"sourceTreeIndex\": [], \"targetTreeIndex\": [], \"mapConditionFormValue\": {}}, \"dataElementType\": \"string\", \"variableSubstitution\": false, \"overwritePipelineValue\": false}]}, {\"/getenhancedmarketnewsOutput/ResponseBody\": [{\"type\": \"map\", \"source\": {\"path\": \"/FinalResponse\", \"title\": \"FinalResponse\", \"dataElementType\": \"document\"}, \"target\": {\"path\": \"/getenhancedmarketnewsOutput/ResponseBody\", \"order\": 1, \"title\": \"ResponseBody\", \"dataElementType\": \"document\"}, \"mapCondition\": {\"isConditionSet\": false, \"sourceTreeIndex\": [], \"targetTreeIndex\": [], \"mapConditionFormValue\": {}}}]}], \"tracks\": {}, \"transformer\": []}",
    "null" : false
  },
  "endpoint_structure_json" : {
    "type" : "jsonb",
    "value" : "{\"maps\": []}",
    "null" : false
  },
  "is_error" : false,
  "no_of_errors" : 0,
  "action_input_type" : null,
  "config_service_id" : null,
  "config_imap_id" : null,
  "config_b2b_document_type_id" : null,
  "config_document_id" : null,
  "add_variables" : {
    "type" : "jsonb",
    "value" : "[]",
    "null" : false
  },
  "drop_variables" : {
    "type" : "jsonb",
    "value" : "[]",
    "null" : false
  },
  "plug_input_structure" : null,
  "plug_output_structure" : null,
  "config_plug_id" : null,
  "override_plug" : false,
  "config_java_service_id" : null,
  "service_tag" : "V2",
  "endpoint_tag" : null,
  "config_service_tag" : "",
  "config_imap_tag" : "",
  "config_b2b_document_type_tag" : "",
  "active" : false,
  "parent_component_config_service_tag" : "V2",
  "service_project_id" : "f20f9ca9-d5bb-4111-ab08-98d39f778fbb",
  "service_project_tag" : "V2",
  "config_service_project_id" : null,
  "config_service_project_tag" : "",
  "config_imap_project_id" : null,
  "config_imap_project_tag" : "",
  "config_b2b_document_type_project_id" : null,
  "config_b2b_document_type_project_tag" : "",
  "endpoint_project_id" : null,
  "endpoint_project_tag" : null,
  "config_plug_tag" : null,
  "config_plug_project_id" : null,
  "config_plug_project_tag" : null,
  "config_java_service_tag" : "",
  "config_java_service_project_id" : null,
  "config_java_service_project_tag" : "",
  "disabled" : false,
  "config" : null,
  "config_b2b_document_type_project_mode_id" : "112c1cb8-4b9e-4d1a-a042-0bd031dc7d05",
  "config_imap_project_mode_id" : "112c1cb8-4b9e-4d1a-a042-0bd031dc7d05",
  "config_java_service_project_mode_id" : "112c1cb8-4b9e-4d1a-a042-0bd031dc7d05",
  "config_plug_project_mode_id" : "112c1cb8-4b9e-4d1a-a042-0bd031dc7d05",
  "config_service_project_mode_id" : "112c1cb8-4b9e-4d1a-a042-0bd031dc7d05",
  "endpoint_project_mode_id" : "112c1cb8-4b9e-4d1a-a042-0bd031dc7d05",
  "service_project_mode_id" : "112c1cb8-4b9e-4d1a-a042-0bd031dc7d05",
  "parent_component_config_service_project_mode_id" : "112c1cb8-4b9e-4d1a-a042-0bd031dc7d05",
  "is_audit" : true,
  "keys_with_order" : null
}