{
  "id" : "da332e93-bf55-478e-ba37-d7282a807bf3",
  "type" : "apikey",
  "project_tag" : "V2",
  "name" : "API Key",
  "description" : "API Key",
  "apikey_key_name" : "x-api-key",
  "entity_id" : "71da2f20-48d4-46a7-90ab-3d3f9df9b75f",
  "jwks_uri" : null,
  "jwks_timeout" : null,
  "cache_duration" : null,
  "clock_skew" : null,
  "client_id_key" : null,
  "issuer" : null,
  "audiences" : {
    "type" : "jsonb",
    "value" : "[]",
    "null" : false
  },
  "flows" : {
    "type" : "jsonb",
    "value" : "[]",
    "null" : false
  },
  "scopes" : {
    "type" : "jsonb",
    "value" : "{}",
    "null" : false
  },
  "scopes_claim" : "scp",
  "forward_credentials_on_success" : false,
  "forward_payload_header" : null,
  "identity_provider_id" : null,
  "apikey_location" : "HEADER"
}