{
  "document_type_id" : "e8634686-fa38-4a4d-9bc5-5839c5c22b99",
  "name" : "marketnews",
  "description" : "marketnews",
  "version" : null,
  "business_document_type_id" : null,
  "document_format_id" : "edc154a0-55fc-11e9-8647-d663bd873d93",
  "root_tag" : null,
  "structure" : {
    "type" : "jsonb",
    "value" : "[{\"key\": \"/JsonArray[]\", \"type\": \"array\", \"order\": 1.0, \"title\": \"JsonArray\", \"value\": {\"type\": \"array\", \"requiredFlag\": false}, \"isLeaf\": false, \"children\": [{\"key\": \"/JsonArray[]/category\", \"type\": \"string\", \"order\": 2.0, \"title\": \"category\", \"value\": {\"type\": \"string\", \"requiredFlag\": false}, \"isLeaf\": true, \"childrenSet\": false, \"hasChildren\": false, \"dataElementType\": \"string\", \"encryption_required\": false}, {\"key\": \"/JsonArray[]/datetime\", \"type\": \"integer\", \"order\": 3.0, \"title\": \"datetime\", \"value\": {\"type\": \"integer\", \"requiredFlag\": false}, \"isLeaf\": true, \"childrenSet\": false, \"hasChildren\": false, \"dataElementType\": \"integer\", \"encryption_required\": false}, {\"key\": \"/JsonArray[]/headline\", \"type\": \"string\", \"order\": 4.0, \"title\": \"headline\", \"value\": {\"type\": \"string\", \"requiredFlag\": false}, \"isLeaf\": true, \"childrenSet\": false, \"hasChildren\": false, \"dataElementType\": \"string\", \"encryption_required\": false}, {\"key\": \"/JsonArray[]/id\", \"type\": \"integer\", \"order\": 5.0, \"title\": \"id\", \"value\": {\"type\": \"integer\", \"requiredFlag\": false}, \"isLeaf\": true, \"childrenSet\": false, \"hasChildren\": false, \"dataElementType\": \"integer\", \"encryption_required\": false}, {\"key\": \"/JsonArray[]/image\", \"type\": \"string\", \"order\": 6.0, \"title\": \"image\", \"value\": {\"type\": \"string\", \"requiredFlag\": false}, \"isLeaf\": true, \"childrenSet\": false, \"hasChildren\": false, \"dataElementType\": \"string\", \"encryption_required\": false}, {\"key\": \"/JsonArray[]/related\", \"type\": \"string\", \"order\": 7.0, \"title\": \"related\", \"value\": {\"type\": \"string\", \"requiredFlag\": false}, \"isLeaf\": true, \"childrenSet\": false, \"hasChildren\": false, \"dataElementType\": \"string\", \"encryption_required\": false}, {\"key\": \"/JsonArray[]/source\", \"type\": \"string\", \"order\": 8.0, \"title\": \"source\", \"value\": {\"type\": \"string\", \"requiredFlag\": false}, \"isLeaf\": true, \"childrenSet\": false, \"hasChildren\": false, \"dataElementType\": \"string\", \"encryption_required\": false}, {\"key\": \"/JsonArray[]/summary\", \"type\": \"string\", \"order\": 9.0, \"title\": \"summary\", \"value\": {\"type\": \"string\", \"requiredFlag\": false}, \"isLeaf\": true, \"childrenSet\": false, \"hasChildren\": false, \"dataElementType\": \"string\", \"encryption_required\": false}, {\"key\": \"/JsonArray[]/url\", \"type\": \"string\", \"order\": 10.0, \"title\": \"url\", \"value\": {\"type\": \"string\", \"requiredFlag\": false}, \"isLeaf\": true, \"childrenSet\": false, \"hasChildren\": false, \"dataElementType\": \"string\", \"encryption_required\": false}], \"childrenSet\": false, \"hasChildren\": false, \"dataElementType\": \"documentArray\", \"encryption_required\": false}]",
    "null" : false
  },
  "key_fields" : null,
  "schema" : {
    "type" : "json",
    "value" : "{\"$id\":\"marketnews\",\"$schema\":\"http://json-schema.org/draft-07/schema#\",\"type\":\"object\",\"properties\":{\"JsonArray\":{\"type\":\"array\",\"title\":\"JsonArray\",\"properties\":{},\"items\":{\"type\":\"object\",\"properties\":{\"category\":{\"type\":\"string\",\"title\":\"category\",\"default\":\"\",\"examples\":[\"top news\"],\"properties\":{},\"pattern\":\"^(.*)$\"},\"datetime\":{\"type\":\"integer\",\"title\":\"datetime\",\"default\":0,\"examples\":[1740666300],\"properties\":{}},\"headline\":{\"type\":\"string\",\"title\":\"headline\",\"default\":\"\",\"examples\":[\"U.S. recession ‘no longer seems completely unthinkable’ as jobless claims spike higher\"],\"properties\":{},\"pattern\":\"^(.*)$\"},\"id\":{\"type\":\"integer\",\"title\":\"id\",\"default\":0,\"examples\":[7452776],\"properties\":{}},\"image\":{\"type\":\"string\",\"title\":\"image\",\"default\":\"\",\"examples\":[\"https://static2.finnhub.io/file/publicdatany/finnhubimage/market_watch_logo.png\"],\"properties\":{},\"pattern\":\"^(.*)$\"},\"related\":{\"type\":\"string\",\"title\":\"related\",\"default\":\"\",\"examples\":[\"\"],\"properties\":{},\"pattern\":\"^(.*)$\"},\"source\":{\"type\":\"string\",\"title\":\"source\",\"default\":\"\",\"examples\":[\"MarketWatch\"],\"properties\":{},\"pattern\":\"^(.*)$\"},\"summary\":{\"type\":\"string\",\"title\":\"summary\",\"default\":\"\",\"examples\":[\"DOGE layoffs, along with signs of a slowing economy, spark questions about a potential serious stumble for the economy.\"],\"properties\":{},\"pattern\":\"^(.*)$\"},\"url\":{\"type\":\"string\",\"title\":\"url\",\"default\":\"\",\"examples\":[\"https://www.marketwatch.com/story/u-s-recession-no-longer-seems-completely-unthinkable-as-jobless-claims-spike-higher-74acd4ca\"],\"properties\":{},\"pattern\":\"^(.*)$\"}}}}}}",
    "null" : false
  },
  "source_schema" : "{\"JsonArray\" :[\n    {\n        \"category\": \"top news\",\n        \"datetime\": 1740856201,\n        \"headline\": \"Michelin-star chef says this is the No. 1 thing home cooks waste money on: 'It's a vanity in the kitchen'\",\n        \"id\": 7453926,\n        \"image\": \"https://image.cnbcfm.com/api/v1/image/103172592-GettyImages-187990397.jpg?v=1740768915\\u0026w=1920\\u0026h=1080\",\n        \"related\": \"\",\n        \"source\": \"CNBC\",\n        \"summary\": \"Chef Gabriel Kreuther says one of the biggest mistakes he sees home cooks making is outfitting their kitchen as if they were running a restaurant.\",\n        \"url\": \"https://www.cnbc.com/2025/03/01/michelin-star-chef-this-is-the-no-1-thing-home-cooks-waste-money-on.html\"\n    },\n    {\n        \"category\": \"top news\",\n        \"datetime\": 1740848300,\n        \"headline\": \"Buying small caps to find the next Nvidia can be risky. 5 questions to answer before starting\",\n        \"id\": 7453910,\n        \"image\": \"https://image.cnbcfm.com/api/v1/image/108103855-1739921378874-108103855-1739907170185-JP3_8999.jpg?v=1739921426\\u0026w=1920\\u0026h=1080\",\n        \"related\": \"\",\n        \"source\": \"CNBC\",\n        \"summary\": \"These early-stage businesses carry an elevated risk of failure. However, when successful, they can deliver significant growth and high reward for investors.\",\n        \"url\": \"https://www.cnbc.com/2025/03/01/buying-small-caps-to-find-an-nvidia-is-risky-5-questions-before-starting.html\"\n    },\n    {\n        \"category\": \"top news\",\n        \"datetime\": 1740844380,\n        \"headline\": \"A bitcoin rout accompanied by record ETF outflows — what investors need to know about ‘faster money’\",\n        \"id\": 7453876,\n        \"image\": \"https://static2.finnhub.io/file/publicdatany/finnhubimage/market_watch_logo.png\",\n        \"related\": \"\",\n        \"source\": \"MarketWatch\",\n        \"summary\": \"Record ETF outflows accompanied bitcoin’s February rout, intensifying the selloff.\",\n        \"url\": \"https://www.marketwatch.com/story/a-bitcoin-rout-accompanied-by-record-etf-outflows-what-investors-need-to-know-about-faster-money-1266407e\"\n    },\n    {\n        \"category\": \"top news\",\n        \"datetime\": 1740843480,\n        \"headline\": \"Mortgage rates are falling, but it’s not helping sell more homes. Are lower house prices next?\",\n        \"id\": 7453874,\n        \"image\": \"https://static2.finnhub.io/file/publicdatany/finnhubimage/market_watch_logo.png\",\n        \"related\": \"\",\n        \"source\": \"MarketWatch\",\n        \"summary\": \"Homebuilder stocks are in a bear market, as lower mortgage rates and continued rate discounts haven’t improved demand.\",\n        \"url\": \"https://www.marketwatch.com/story/mortgage-rates-are-falling-but-its-not-helping-sell-more-homes-are-lower-house-prices-next-af25b49a\"\n    },\n    {\n        \"category\": \"top news\",\n        \"datetime\": 1740835500,\n        \"headline\": \"As baby boomers turn 80, there aren’t enough doctors to treat ‘emergency levels’ of dementia patients\",\n        \"id\": 7453830,\n        \"image\": \"https://static2.finnhub.io/file/publicdatany/finnhubimage/market_watch_logo.png\",\n        \"related\": \"\",\n        \"source\": \"MarketWatch\",\n        \"summary\": \"‘Dementia neurology deserts’ already exist in 20 states. The future looks even more bleak.\",\n        \"url\": \"https://www.marketwatch.com/story/as-baby-boomers-turn-80-there-arent-enough-doctors-to-treat-emergency-levels-of-dementia-patients-93a8aaf2\"\n    },\n    {\n        \"category\": \"business\",\n        \"datetime\": 1740834001,\n        \"headline\": \"With $1 billion in salary IOUs, the Dodgers spark new questions about MLB's fairness\",\n        \"id\": 7453823,\n        \"image\": \"https://image.cnbcfm.com/api/v1/image/108055385-1730347321416-gettyimages-2181364643-776228357_20241030ML_3322858.jpeg?v=1739897394\\u0026w=1920\\u0026h=1080\",\n        \"related\": \"\",\n        \"source\": \"CNBC\",\n        \"summary\": \"The Los Angeles Dodgers' unprecedented deferral of over $1 billion in active player contracts has sparked controversy among MLB fans concerned about fair play.\",\n        \"url\": \"https://www.cnbc.com/2025/03/01/dodgers-deferred-salaries-spark-mlb-salary-cap-questions.html\"\n    },\n    {\n        \"category\": \"business\",\n        \"datetime\": 1740834001,\n        \"headline\": \"How a $5 million fix turned Paramount Pictures' 'Sonic' into a billion-dollar franchise\",\n        \"id\": 7453824,\n        \"image\": \"https://image.cnbcfm.com/api/v1/image/106240761-1573590837131sonic-the-hedgehog.jpg?v=1573590922\\u0026w=1920\\u0026h=1080\",\n        \"related\": \"\",\n        \"source\": \"CNBC\",\n        \"summary\": \"Paramount Picture's redesign of the titular character in its \\\"Sonic the Hedgehog\\\" film has resulted in a $1.2 billion franchise five years later.\",\n        \"url\": \"https://www.cnbc.com/2025/03/01/paramount-sonic-fix-billion-dollar-franchise.html\"\n    },\n    {\n        \"category\": \"top news\",\n        \"datetime\": 1740834000,\n        \"headline\": \"Why Trump’s ‘gold card’ visa program could make the pricey U.S. housing market even more expensive\",\n        \"id\": 7453822,\n        \"image\": \"https://static2.finnhub.io/file/publicdatany/finnhubimage/market_watch_logo.png\",\n        \"related\": \"\",\n        \"source\": \"MarketWatch\",\n        \"summary\": \"An influx of immigrants who pay $5 million for a visa could increase demand in the “ultrahigh end of the real-estate market,” said a National Association of Realtors economist.\",\n        \"url\": \"https://www.marketwatch.com/story/why-trumps-gold-card-visa-program-could-make-the-pricey-u-s-housing-market-even-more-expensive-4fec6dcf\"\n    },\n    {\n        \"category\": \"top news\",\n        \"datetime\": 1740832200,\n        \"headline\": \"Wall Street can’t stop talking about the ‘Mar-a-Lago Accord’. Here’s how the currency deal would work.\",\n        \"id\": 7453820,\n        \"image\": \"https://static2.finnhub.io/file/publicdatany/finnhubimage/market_watch_logo.png\",\n        \"related\": \"\",\n        \"source\": \"MarketWatch\",\n        \"summary\": \"A theory about how the Trump administration could restructure the international financial system to better serve American interests is starting to be taken seriously on Wall Street.\",\n        \"url\": \"https://www.marketwatch.com/story/wall-street-cant-stop-talking-about-the-mar-a-lago-accord-heres-how-the-currency-deal-would-work-f8fbbda0\"\n    },\n    {\n        \"category\": \"top news\",\n        \"datetime\": 1740830400,\n        \"headline\": \"U.S. stocks had a rocky February under Trump’s return. Should investors be worried about March?\",\n        \"id\": 7453818,\n        \"image\": \"https://static2.finnhub.io/file/publicdatany/finnhubimage/market_watch_logo.png\",\n        \"related\": \"\",\n        \"source\": \"MarketWatch\",\n        \"summary\": \"February felt anything but brief as heightened macro uncertainty gripped Wall Street, with seemingly endless twists and turns on the U.S. stock market.\",\n        \"url\": \"https://www.marketwatch.com/story/u-s-stocks-had-a-rocky-february-under-trumps-return-should-investors-be-worried-about-march-c6e4f450\"\n    },\n    {\n        \"category\": \"top news\",\n        \"datetime\": 1740824100,\n        \"headline\": \"‘Why am I so afraid to retire?’ I’m 60 and lost $1.2 million in a divorce. Can I rebuild my life?\",\n        \"id\": 7453814,\n        \"image\": \"https://static2.finnhub.io/file/publicdatany/finnhubimage/market_watch_logo.png\",\n        \"related\": \"\",\n        \"source\": \"MarketWatch\",\n        \"summary\": \"“If the rule of 4% is applied, I could use savings and the proceeds from my house sale to buy a condo, and at 62 draw $110,000 per year.”\",\n        \"url\": \"https://www.marketwatch.com/story/why-am-i-so-afraid-to-retire-im-60-and-lost-1-2-million-in-a-divorce-can-i-rebuild-my-life-77fdf6b7\"\n    },\n    {\n        \"category\": \"top news\",\n        \"datetime\": 1740781200,\n        \"headline\": \"Worried about Social Security staff cuts? Put money aside now, the agency’s former director says.\",\n        \"id\": 7453675,\n        \"image\": \"https://static2.finnhub.io/file/publicdatany/finnhubimage/market_watch_logo.png\",\n        \"related\": \"\",\n        \"source\": \"MarketWatch\",\n        \"summary\": \"Martin O’Malley said DOGE’s involvement in Social Security will hurt beneficiaries. Brace for delays in service — and even benefits.\",\n        \"url\": \"https://www.marketwatch.com/story/worried-about-social-security-staff-cuts-put-money-aside-now-the-agencys-former-director-says-86fedc04\"\n    },\n    {\n        \"category\": \"top news\",\n        \"datetime\": 1740778789,\n        \"headline\": \"Black woman who retired at 30: Financial independence is 'not just for white guys'\",\n        \"id\": 7453633,\n        \"image\": \"https://image.cnbcfm.com/api/v1/image/108068513-1732654052749-A_Purple_Life_High_Res.png?v=1732654516\\u0026w=1920\\u0026h=1080\",\n        \"related\": \"\",\n        \"source\": \"CNBC\",\n        \"summary\": \"Persistent wage and wealth gaps make it harder for Black Americans to retire on a similar timeline to their white peers. Blogger hopes to inspire change.\",\n        \"url\": \"https://www.cnbc.com/2025/02/28/black-woman-who-retired-at-30-fire-is-not-just-for-white-guys.html\"\n    },\n    {\n        \"category\": \"top news\",\n        \"datetime\": 1740778440,\n        \"headline\": \"What else can Canada and Mexico do to avoid Trump’s tariffs? America’s neighbors may slap new tariffs on China.\",\n        \"id\": 7453631,\n        \"image\": \"https://static2.finnhub.io/file/publicdatany/finnhubimage/market_watch_logo.png\",\n        \"related\": \"\",\n        \"source\": \"MarketWatch\",\n        \"summary\": \"As traders worldwide wait to see if U.S. President Donald Trump once again holds off on putting new tariffs on Canada and Mexico, the head of the U.S. Treasury Department has highlighted one potentially promising avenue for America’s neighbors.\",\n        \"url\": \"https://www.marketwatch.com/story/what-else-can-canada-and-mexico-do-to-avoid-trumps-tariffs-americas-neighbors-may-slap-new-tariffs-on-china-90986385\"\n    },\n    {\n        \"category\": \"top news\",\n        \"datetime\": 1740778200,\n        \"headline\": \"Why Microsoft is killing off Skype and sending it to the tech graveyard\",\n        \"id\": 7453632,\n        \"image\": \"https://static2.finnhub.io/file/publicdatany/finnhubimage/market_watch_logo.png\",\n        \"related\": \"\",\n        \"source\": \"MarketWatch\",\n        \"summary\": \"Better products like Teams and Zoom have usurped the innovations of the videoconferencing pioneer.\",\n        \"url\": \"https://www.marketwatch.com/story/why-microsoft-is-killing-off-skype-and-sending-it-to-the-tech-graveyard-ae33376c\"\n    },\n    {\n        \"category\": \"top news\",\n        \"datetime\": 1740777660,\n        \"headline\": \"Why Trump’s move to boost the U.S. copper market is a ‘pipe dream’ that could raise prices\",\n        \"id\": 7453628,\n        \"image\": \"https://static2.finnhub.io/file/publicdatany/finnhubimage/market_watch_logo.png\",\n        \"related\": \"\",\n        \"source\": \"MarketWatch\",\n        \"summary\": \"President Donald Trump has made it clear that he is concerned about the United States’ dependence on foreign countries for much of its copper and is looking to boost domestic mining of the metal, but his efforts are likely to feed inflation and take years to reap rewards.\",\n        \"url\": \"https://www.marketwatch.com/story/why-trumps-move-to-boost-the-u-s-copper-market-is-a-pipe-dream-that-could-raise-prices-e172a1ab\"\n    },\n    {\n        \"category\": \"top news\",\n        \"datetime\": 1740776040,\n        \"headline\": \"Trump’s ‘World War III’ warning to Zelensky rattled stocks. Why they quickly recovered.\",\n        \"id\": 7453622,\n        \"image\": \"https://static2.finnhub.io/file/publicdatany/finnhubimage/market_watch_logo.png\",\n        \"related\": \"\",\n        \"source\": \"MarketWatch\",\n        \"summary\": \"Markets are reacting like it’s “theater” and a Ukraine-Russia peace deal can still move forward, strategist says.\",\n        \"url\": \"https://www.marketwatch.com/story/trumps-world-war-iii-warning-to-zelensky-rattled-stocks-why-they-quickly-recovered-68e5dc97\"\n    },\n    {\n        \"category\": \"top news\",\n        \"datetime\": 1740773880,\n        \"headline\": \"Inflation didn’t get any worse. When will it start going down again?\",\n        \"id\": 7453615,\n        \"image\": \"https://static2.finnhub.io/file/publicdatany/finnhubimage/market_watch_logo.png\",\n        \"related\": \"\",\n        \"source\": \"MarketWatch\",\n        \"summary\": \"Inflation is still a sore spot for the U.S. economy, but at least it didn’t get much worse at the start of the year.\",\n        \"url\": \"https://www.marketwatch.com/story/inflation-didnt-get-any-worse-when-will-it-start-going-down-again-f0c95f37\"\n    },\n    {\n        \"category\": \"top news\",\n        \"datetime\": 1740773332,\n        \"headline\": \"In wake of southern California wildfires, a diverse small business community looks to rebuild\",\n        \"id\": 7453605,\n        \"image\": \"https://image.cnbcfm.com/api/v1/image/108109238-1740765595978-ShayFamily.jpg?v=1740765980\\u0026w=1920\\u0026h=1080\",\n        \"related\": \"\",\n        \"source\": \"CNBC\",\n        \"summary\": \"Business owners in Altadena hope to see the diverse community that their organizations thrived in rise from the ashes.\",\n        \"url\": \"https://www.cnbc.com/2025/02/28/altadenas-diverse-small-business-community-looks-to-rebuild-after-deadly-la-wildfires.html\"\n    },\n    {\n        \"category\": \"top news\",\n        \"datetime\": 1740773280,\n        \"headline\": \"Trump and Musk’s Social Security ‘chainsaw massacre’ is slashing all the wrong things\",\n        \"id\": 7453600,\n        \"image\": \"https://static2.finnhub.io/file/publicdatany/finnhubimage/market_watch_logo.png\",\n        \"related\": \"\",\n        \"source\": \"MarketWatch\",\n        \"summary\": \"Donald Trump’s decision to apply his chainsaw to the Social Security Administration will do nothing to shore up the program’s finances — or help balance the federal budget.\",\n        \"url\": \"https://www.marketwatch.com/story/trump-and-musks-social-security-chainsaw-massacre-is-slashing-all-the-wrong-things-86e2ec4f\"\n    },\n    {\n        \"category\": \"top news\",\n        \"datetime\": 1740772860,\n        \"headline\": \"Will consumers’ gloomy outlook take the bloom off the stock market?\",\n        \"id\": 7453601,\n        \"image\": \"https://static2.finnhub.io/file/publicdatany/finnhubimage/market_watch_logo.png\",\n        \"related\": \"\",\n        \"source\": \"MarketWatch\",\n        \"summary\": \"What current consumer-sentiment readings really mean for stocks.\",\n        \"url\": \"https://www.marketwatch.com/story/will-consumers-gloomy-outlook-take-the-bloom-off-the-stock-market-32a7d184\"\n    },\n    {\n        \"category\": \"top news\",\n        \"datetime\": 1740771944,\n        \"headline\": \"Trump's latest midday surprise briefly jolts the market — plus, our February winners and losers\",\n        \"id\": 7453598,\n        \"image\": \"https://image.cnbcfm.com/api/v1/image/108103690-1739901083004-JP3_8641.jpg?v=1739901139\\u0026w=1920\\u0026h=1080\",\n        \"related\": \"\",\n        \"source\": \"CNBC\",\n        \"summary\": \"Every weekday, the Investing Club releases the Homestretch; an actionable afternoon update just in time for the last hour of trading.\",\n        \"url\": \"https://www.cnbc.com/2025/02/28/trumps-midday-surprise-briefly-jolts-the-market-plus-february-winners-and-losers.html\"\n    },\n    {\n        \"category\": \"top news\",\n        \"datetime\": 1740768753,\n        \"headline\": \"Nvidia stock tries to make a stand — but this chart shows what it's up against\",\n        \"id\": 7453563,\n        \"image\": \"https://image.cnbcfm.com/api/v1/image/108066743-1732257471036-gettyimages-2185014471-NVIDIA_EARNS.jpeg?v=1740767098\\u0026w=1920\\u0026h=1080\",\n        \"related\": \"\",\n        \"source\": \"CNBC\",\n        \"summary\": \"It's been a tough six weeks.\",\n        \"url\": \"https://www.cnbc.com/2025/02/28/nvidia-stock-tries-to-make-a-stand-but-this-chart-shows-what-its-up-against.html\"\n    },\n    {\n        \"category\": \"business\",\n        \"datetime\": 1740766454,\n        \"headline\": \"American Airlines to start testing free inflight Wi-Fi\",\n        \"id\": 7453514,\n        \"image\": \"https://image.cnbcfm.com/api/v1/image/105470744-1537905608557ap_13050114030.jpg?v=1537905692\\u0026w=1920\\u0026h=1080\",\n        \"related\": \"\",\n        \"source\": \"CNBC\",\n        \"summary\": \"American is under pressure to offer free in-flight internet after more airlines have begun offering the complimentary service.\",\n        \"url\": \"https://www.cnbc.com/2025/02/28/american-airlines-free-inflight-wi-fi.html\"\n    },\n    {\n        \"category\": \"top news\",\n        \"datetime\": 1740766260,\n        \"headline\": \"How you as an investor can avoid mistakes that are made even by Warren Buffett and other market veterans\",\n        \"id\": 7453513,\n        \"image\": \"https://static2.finnhub.io/file/publicdatany/finnhubimage/market_watch_logo.png\",\n        \"related\": \"\",\n        \"source\": \"MarketWatch\",\n        \"summary\": \"Also: Warnings from the stock and real-estate markets; Eli Lilly’s success; a mixed response to Nvidia; and how cuts to Social Security and other government agencies can affect you or loved ones.\",\n        \"url\": \"https://www.marketwatch.com/story/how-you-as-an-investor-can-avoid-mistakes-that-are-made-even-by-warren-buffett-and-other-market-veterans-434d13aa\"\n    },\n    {\n        \"category\": \"top news\",\n        \"datetime\": 1740765962,\n        \"headline\": \"Here's what's inside the more than $200,000 Oscars gift bag given to Timothée Chalamet, Ariana Grande and other nominees\",\n        \"id\": 7453821,\n        \"image\": \"https://image.cnbcfm.com/api/v1/image/107036837-1648230011012-gettyimages-2999807-2994354CA003_display.jpeg?v=1740755725\\u0026w=1920\\u0026h=1080\",\n        \"related\": \"\",\n        \"source\": \"CNBC\",\n        \"summary\": \"This year's bag includes deluxe skincare products, movie merch and an invitation to a $23,000 Maldives resort.\",\n        \"url\": \"https://www.cnbc.com/2025/02/28/oscars-2025-heres-whats-inside-the-200000-oscars-gift-bag-.html\"\n    },\n    {\n        \"category\": \"top news\",\n        \"datetime\": 1740763740,\n        \"headline\": \"Closely watched Fed GDP tracker sees contraction in first quarter\",\n        \"id\": 7453475,\n        \"image\": \"https://static2.finnhub.io/file/publicdatany/finnhubimage/market_watch_logo.png\",\n        \"related\": \"\",\n        \"source\": \"MarketWatch\",\n        \"summary\": \"This would be the first negative quarter in three years and comes as talk of a possible recession picks up.\",\n        \"url\": \"https://www.marketwatch.com/story/atlanta-fed-now-sees-u-s-economy-contracting-1-5-in-first-quarter-first-decline-in-three-years-860bc7e0\"\n    },\n    {\n        \"category\": \"top news\",\n        \"datetime\": 1740760985,\n        \"headline\": \"How we're navigating this uncertain market ahead of a busy week of earnings\",\n        \"id\": 7453470,\n        \"image\": \"https://image.cnbcfm.com/api/v1/image/108102060-1739453748420-gettyimages-2198598492-AFP_36XQ2GP.jpeg?v=1739453843\\u0026w=1920\\u0026h=1080\",\n        \"related\": \"\",\n        \"source\": \"CNBC\",\n        \"summary\": \"The Investing Club holds its \\\"Morning Meeting\\\" every weekday at 10:20 a.m. ET.\",\n        \"url\": \"https://www.cnbc.com/2025/02/28/how-were-navigating-this-shaky-market-ahead-of-a-busy-week-of-earnings.html\"\n    },\n    {\n        \"category\": \"top news\",\n        \"datetime\": 1740760800,\n        \"headline\": \"Social Security plans to axe thousands of workers nationwide. What could it mean for you?\",\n        \"id\": 7453466,\n        \"image\": \"https://static2.finnhub.io/file/publicdatany/finnhubimage/market_watch_logo.png\",\n        \"related\": \"\",\n        \"source\": \"MarketWatch\",\n        \"summary\": \"“Significant” job cuts are coming for Social Security that will only make the program less efficient.\",\n        \"url\": \"https://www.marketwatch.com/story/social-security-plans-to-axe-thousands-of-workers-nationwide-what-could-it-mean-for-you-66f68d2f\"\n    },\n    {\n        \"category\": \"top news\",\n        \"datetime\": 1740759194,\n        \"headline\": \"We're peeling back our position in this rallying stock and realizing a 35% gain\",\n        \"id\": 7453456,\n        \"image\": \"https://image.cnbcfm.com/api/v1/image/108107875-1740592951333-Traders-Photo-KK-20250226-008.jpg?v=1740604045\\u0026w=1920\\u0026h=1080\",\n        \"related\": \"\",\n        \"source\": \"CNBC\",\n        \"summary\": \"It's prudent to lock in some gains and from time to time on this stock's way up because turnarounds are difficult\",\n        \"url\": \"https://www.cnbc.com/2025/02/28/were-peeling-back-our-position-in-this-rallying-stock-for-a-35percent-gain.html\"\n    },\n    {\n        \"category\": \"top news\",\n        \"datetime\": 1740759060,\n        \"headline\": \"Super Micro is back in compliance. Is that enough to make its stock a buy?\",\n        \"id\": 7453455,\n        \"image\": \"https://static2.finnhub.io/file/publicdatany/finnhubimage/market_watch_logo.png\",\n        \"related\": \"\",\n        \"source\": \"MarketWatch\",\n        \"summary\": \"A Mizuho analyst has brought back his coverage of Super Micro shares — but declines to recommend them, citing  competitive challenges.\",\n        \"url\": \"https://www.marketwatch.com/story/super-micro-is-back-in-compliance-is-that-enough-to-make-its-stock-a-buy-2fff0deb\"\n    },\n    {\n        \"category\": \"top news\",\n        \"datetime\": 1740757980,\n        \"headline\": \"People are worried about their jobs. Here’s why that matters for stocks and bonds.\",\n        \"id\": 7453453,\n        \"image\": \"https://static2.finnhub.io/file/publicdatany/finnhubimage/market_watch_logo.png\",\n        \"related\": \"\",\n        \"source\": \"MarketWatch\",\n        \"summary\": \"Low credit spreads aren’t reflecting rising concerns about Trump policies or the economy.\",\n        \"url\": \"https://www.marketwatch.com/story/people-are-worried-about-their-jobs-heres-why-that-matters-for-stocks-and-bonds-4587ce93\"\n    },\n    {\n        \"category\": \"top news\",\n        \"datetime\": 1740756314,\n        \"headline\": \"Homeowners can get a tax break worth thousands of dollars—see if you're eligible\",\n        \"id\": 7453441,\n        \"image\": \"https://image.cnbcfm.com/api/v1/image/105501523-1539272091456gettyimages-913439064.jpeg?v=1740672238\\u0026w=1920\\u0026h=1080\",\n        \"related\": \"\",\n        \"source\": \"CNBC\",\n        \"summary\": \"For a median-sized loan, some homeowners could claim over $20,000 in tax deductions when filing this year.\",\n        \"url\": \"https://www.cnbc.com/2025/02/28/see-if-you-qualify-for-the-mortgage-interest-deduction-worth-thousands.html\"\n    },\n    {\n        \"category\": \"top news\",\n        \"datetime\": 1740755700,\n        \"headline\": \"Today’s ‘economic blackout’ is just performance art\",\n        \"id\": 7453439,\n        \"image\": \"https://static2.finnhub.io/file/publicdatany/finnhubimage/market_watch_logo.png\",\n        \"related\": \"\",\n        \"source\": \"MarketWatch\",\n        \"summary\": \"If you want to change things, you have to get real.\",\n        \"url\": \"https://www.marketwatch.com/story/todays-economic-blackout-is-just-performance-art-b43c2f02\"\n    },\n    {\n        \"category\": \"top news\",\n        \"datetime\": 1740753480,\n        \"headline\": \"U.S. trade deficit in goods balloons to record high as businesses race to avoid tariffs\",\n        \"id\": 7453423,\n        \"image\": \"https://static2.finnhub.io/file/publicdatany/finnhubimage/market_watch_logo.png\",\n        \"related\": \"\",\n        \"source\": \"MarketWatch\",\n        \"summary\": \"The trade sector seems set to be a drag on headline GDP growth in the first quarter, but it is hard to estimate how much.\",\n        \"url\": \"https://www.marketwatch.com/story/u-s-trade-deficit-in-goods-hits-another-record-high-in-january-b80a6e50\"\n    },\n    {\n        \"category\": \"top news\",\n        \"datetime\": 1740753480,\n        \"headline\": \"Why Apple’s stock has held ground as the ‘Magnificent Seven’ have faltered\",\n        \"id\": 7453424,\n        \"image\": \"https://static2.finnhub.io/file/publicdatany/finnhubimage/market_watch_logo.png\",\n        \"related\": \"\",\n        \"source\": \"MarketWatch\",\n        \"summary\": \"Wall Street seems to like the company’s measured approach to AI spending and its opportunity to mitigate potential tariff impacts.\",\n        \"url\": \"https://www.marketwatch.com/story/why-apples-stock-has-held-ground-as-the-magnificent-seven-have-faltered-4586d141\"\n    },\n    {\n        \"category\": \"top news\",\n        \"datetime\": 1740752400,\n        \"headline\": \"Rocket Lab’s outlook disappoints, but SpaceX-style growth is still ahead: analyst\",\n        \"id\": 7453421,\n        \"image\": \"https://static2.finnhub.io/file/publicdatany/finnhubimage/market_watch_logo.png\",\n        \"related\": \"\",\n        \"source\": \"MarketWatch\",\n        \"summary\": \"Rocket Lab shares tumbled in the wake of the company’s fourth-quarter results Thursday, weighed down by weak outlook, although analyst firm KeyBanc Capital Markets believes the company’s long-term growth prospects are still strong.\",\n        \"url\": \"https://www.marketwatch.com/story/rocket-labs-outlook-disappoints-but-spacex-style-growth-is-still-ahead-analyst-ace57474\"\n    },\n    {\n        \"category\": \"top news\",\n        \"datetime\": 1740751440,\n        \"headline\": \"A buyout of Walgreens is supposed to boost the stock, but this analyst says sell\",\n        \"id\": 7453413,\n        \"image\": \"https://static2.finnhub.io/file/publicdatany/finnhubimage/market_watch_logo.png\",\n        \"related\": \"\",\n        \"source\": \"MarketWatch\",\n        \"summary\": \"Deutsche Bank believes the hype over a Sycamore buyout and subsequent breakup has gone too far, and puts the deal at risk.\",\n        \"url\": \"https://www.marketwatch.com/story/a-buyout-of-walgreens-is-supposed-to-boost-the-stock-but-this-analyst-says-sell-743467ad\"\n    },\n    {\n        \"category\": \"top news\",\n        \"datetime\": 1740751440,\n        \"headline\": \"This fund manager sees tailwinds for banks despite unexpectedly slow start to the year\",\n        \"id\": 7453414,\n        \"image\": \"https://static2.finnhub.io/file/publicdatany/finnhubimage/market_watch_logo.png\",\n        \"related\": \"\",\n        \"source\": \"MarketWatch\",\n        \"summary\": \"Cheryl Pate of Angel Oak Capital Advisors remains optimistic but says more favorable conditions for banks may take longer to materialize\",\n        \"url\": \"https://www.marketwatch.com/story/this-fund-manager-sees-tailwinds-for-banks-despite-unexpectedly-slow-start-to-the-year-cda2cb30\"\n    },\n    {\n        \"category\": \"top news\",\n        \"datetime\": 1740749580,\n        \"headline\": \"Here’s when Vital Farms predicts it will be selling more eggs\",\n        \"id\": 7453395,\n        \"image\": \"https://static2.finnhub.io/file/publicdatany/finnhubimage/market_watch_logo.png\",\n        \"related\": \"\",\n        \"source\": \"MarketWatch\",\n        \"summary\": \"The company will continue to invest in brands and supply-chain capabilities as it targets $1 billion in sales by 2027.\",\n        \"url\": \"https://www.marketwatch.com/story/heres-when-vital-farms-predicts-it-will-be-selling-more-eggs-ac66a09c\"\n    },\n    {\n        \"category\": \"top news\",\n        \"datetime\": 1740748860,\n        \"headline\": \"What’s worth streaming in March 2025: Oscars, John Mulaney, March Madness and more\",\n        \"id\": 7453390,\n        \"image\": \"https://static2.finnhub.io/file/publicdatany/finnhubimage/market_watch_logo.png\",\n        \"related\": \"\",\n        \"source\": \"MarketWatch\",\n        \"summary\": \"‘The Righteous Gemstones’ returns to Max, Disney revives ‘Daredevil’ and Apple reloads its lineup\",\n        \"url\": \"https://www.marketwatch.com/story/whats-worth-streaming-in-march-2025-oscars-john-mulaney-march-madness-and-more-8c1b5e11\"\n    },\n    {\n        \"category\": \"top news\",\n        \"datetime\": 1740748755,\n        \"headline\": \"Trump tariffs will hit over $200 billion in U.S.-Canada-Mexico cross-border rail trade\",\n        \"id\": 7453412,\n        \"image\": \"https://image.cnbcfm.com/api/v1/image/107117869-1663094448738-gettyimages-1331157211-dsc00188_2021072820821408.jpeg?v=1669054169\\u0026w=1920\\u0026h=1080\",\n        \"related\": \"\",\n        \"source\": \"CNBC\",\n        \"summary\": \"Over $200 billion in trade is carried by freight rails between the US, Canada and Mexico, with auto parts, oil, lumber, ag, and chemicals linking the economies.\",\n        \"url\": \"https://www.cnbc.com/2025/02/28/trump-tariffs-to-hit-over-200-billion-in-us-canada-mexico-rail-trade.html\"\n    },\n    {\n        \"category\": \"top news\",\n        \"datetime\": 1740748380,\n        \"headline\": \"Applebee’s ‘underwhelming’ $9.99 meal deal draws downgrade for Dine Brands\",\n        \"id\": 7453381,\n        \"image\": \"https://static2.finnhub.io/file/publicdatany/finnhubimage/market_watch_logo.png\",\n        \"related\": \"\",\n        \"source\": \"MarketWatch\",\n        \"summary\": \"Analyst cuts Dine Brands to neutral after the “Really Big Meal Deal” offers value but doesn’t improve same-store sales at Applebee’s.\",\n        \"url\": \"https://www.marketwatch.com/story/applebees-underwhelming-9-99-meal-deal-draws-downgrade-for-dine-brands-c432b748\"\n    },\n    {\n        \"category\": \"top news\",\n        \"datetime\": 1740746700,\n        \"headline\": \"Oil prices on track for February losses on worries over tariffs, economic outlook\",\n        \"id\": 7453378,\n        \"image\": \"https://static2.finnhub.io/file/publicdatany/finnhubimage/market_watch_logo.png\",\n        \"related\": \"\",\n        \"source\": \"MarketWatch\",\n        \"summary\": \"Oil futures fell Friday and were on track for a monthly loss, with crude seeing pressure in February on worries about the global economic outlook and rising trade tensions from the Trump administration’s tariff plans.\",\n        \"url\": \"https://www.marketwatch.com/story/oil-prices-on-track-for-february-losses-on-worries-over-tariffs-economic-outlook-4768424a\"\n    },\n    {\n        \"category\": \"top news\",\n        \"datetime\": 1740745800,\n        \"headline\": \"These tips for investing in mutual funds and ETFs put you in the driver’s seat\",\n        \"id\": 7453343,\n        \"image\": \"https://static2.finnhub.io/file/publicdatany/finnhubimage/market_watch_logo.png\",\n        \"related\": \"\",\n        \"source\": \"MarketWatch\",\n        \"summary\": \"Plus: What Warren Buffett really thinks about the stock market, and a potential successor to the “Magnificent Seven” stocks.\",\n        \"url\": \"https://www.marketwatch.com/story/these-tips-for-investing-in-mutual-funds-and-etfs-put-you-in-the-drivers-seat-3f987900\"\n    },\n    {\n        \"category\": \"top news\",\n        \"datetime\": 1740744060,\n        \"headline\": \"The ‘bro bubble’ is bursting, says Bank of America strategist. Here are the key levels to watch for the Nasdaq, Palantir and more.\",\n        \"id\": 7453308,\n        \"image\": \"https://static2.finnhub.io/file/publicdatany/finnhubimage/market_watch_logo.png\",\n        \"related\": \"\",\n        \"source\": \"MarketWatch\",\n        \"summary\": \"The so-called ‘bro bubble’ — the testosterone-fueled rally in cryptocurrencies and other speculative tech stocks — is popping, and one strategist identifies the key lines in the sand for closely watched assets.\",\n        \"url\": \"https://www.marketwatch.com/story/the-bro-bubble-is-bursting-says-bank-of-america-strategist-here-are-the-key-levels-to-watch-for-the-nasdaq-palantir-and-more-e202e441\"\n    },\n    {\n        \"category\": \"business\",\n        \"datetime\": 1740744001,\n        \"headline\": \"Egg prices are threatening a classic holiday tradition: Easter dye kits\",\n        \"id\": 7453307,\n        \"image\": \"\",\n        \"related\": \"\",\n        \"source\": \"CNBC\",\n        \"summary\": \"The makers of Easter egg dye kits are bracing for the potential fallout if the egg shortage doesn't begin to clear up before the April 20 holiday.\",\n        \"url\": \"https://www.cnbc.com/2025/02/28/egg-prices-threaten-easter-dye-kit-sales.html\"\n    },\n    {\n        \"category\": \"top news\",\n        \"datetime\": 1740744000,\n        \"headline\": \"Dividend stocks are soaring in 2025, as investors adopt a defensive strategy amid market selloff\",\n        \"id\": 7453309,\n        \"image\": \"https://static2.finnhub.io/file/publicdatany/finnhubimage/market_watch_logo.png\",\n        \"related\": \"\",\n        \"source\": \"MarketWatch\",\n        \"summary\": \"U.S. dividend stocks are soaring in 2025, as investors are on the hunt for ways to play defense amid concerns over economic growth and President Trump’s tariff plans.\",\n        \"url\": \"https://www.marketwatch.com/story/dividend-stocks-are-soaring-in-2025-as-investors-adopt-a-defensive-strategy-amid-market-selloff-1fcf5dad\"\n    },\n    {\n        \"category\": \"top news\",\n        \"datetime\": 1740742800,\n        \"headline\": \"Jeremy Grantham on the meltdown coming for U.S. stocks and where he’s putting his money now\",\n        \"id\": 7453300,\n        \"image\": \"https://static2.finnhub.io/file/publicdatany/finnhubimage/market_watch_logo.png\",\n        \"related\": \"\",\n        \"source\": \"MarketWatch\",\n        \"summary\": \"GMO’s co-founder Jeremy Grantham discusses the dangers facing investors now and areas of the market he favors.\",\n        \"url\": \"https://www.marketwatch.com/story/jeremy-grantham-on-the-meltdown-coming-for-u-s-stocks-and-where-hes-putting-his-money-now-e186302f\"\n    },\n    {\n        \"category\": \"top news\",\n        \"datetime\": 1740742500,\n        \"headline\": \"How U.S. ‘mini-stagflation’ and the yen could shock financial markets\",\n        \"id\": 7453301,\n        \"image\": \"https://static2.finnhub.io/file/publicdatany/finnhubimage/market_watch_logo.png\",\n        \"related\": \"\",\n        \"source\": \"MarketWatch\",\n        \"summary\": \"A financial shock is on the cards if the carry trade crumbles, says strategist.\",\n        \"url\": \"https://www.marketwatch.com/story/how-u-s-mini-stagflation-and-the-yen-could-shock-financial-markets-7638cb44\"\n    },\n    {\n        \"category\": \"top news\",\n        \"datetime\": 1740737700,\n        \"headline\": \"‘I have nothing left for retirement’: My husband and I have 9 kids and $70K in student debt. How do we pay it off?\",\n        \"id\": 7453288,\n        \"image\": \"https://static2.finnhub.io/file/publicdatany/finnhubimage/market_watch_logo.png\",\n        \"related\": \"\",\n        \"source\": \"MarketWatch\",\n        \"summary\": \"“We own our home and have about $30,000 in equity.”\",\n        \"url\": \"https://www.marketwatch.com/story/i-have-nothing-left-for-retirement-my-husband-and-i-have-9-kids-and-70k-in-student-debt-how-do-we-pay-it-off-e5eba374\"\n    },\n    {\n        \"category\": \"top news\",\n        \"datetime\": 1740737580,\n        \"headline\": \"Friday’s ‘economic blackout’ is a fool’s errand — and gives ‘woke’ a bad name\",\n        \"id\": 7453289,\n        \"image\": \"https://static2.finnhub.io/file/publicdatany/finnhubimage/market_watch_logo.png\",\n        \"related\": \"\",\n        \"source\": \"MarketWatch\",\n        \"summary\": \"Just because the national media covers this “economic boycott” and gives publicity and airtime to its well-meaning founder does not make it a success.\",\n        \"url\": \"https://www.marketwatch.com/story/fridays-economic-blackout-is-a-fools-errand-and-gives-woke-a-bad-name-3ad3f798\"\n    },\n    {\n        \"category\": \"top news\",\n        \"datetime\": 1740736920,\n        \"headline\": \"‘Real Housewives’ star Kyle Richards makes emotional update to $8.5 million California home after split from husband\",\n        \"id\": 7453286,\n        \"image\": \"https://static2.finnhub.io/file/publicdatany/finnhubimage/market_watch_logo.png\",\n        \"related\": \"\",\n        \"source\": \"MarketWatch\",\n        \"summary\": \"Richards said she’s trying  to move on from her 27-year marriage to her now estranged husband.\",\n        \"url\": \"https://www.marketwatch.com/story/real-housewives-star-kyle-richards-makes-emotional-update-to-8-5-million-california-home-after-split-from-husband-61abeb4b\"\n    },\n    {\n        \"category\": \"top news\",\n        \"datetime\": 1740736140,\n        \"headline\": \"Bond yields stay in tight range as key PCE data awaits\",\n        \"id\": 7453284,\n        \"image\": \"https://static2.finnhub.io/file/publicdatany/finnhubimage/market_watch_logo.png\",\n        \"related\": \"\",\n        \"source\": \"MarketWatch\",\n        \"summary\": \"Bond yields were mostly steady on Friday, awaiting key data to see if the emerging view of a deteriorating economy while prices remain high is challenged.\",\n        \"url\": \"https://www.marketwatch.com/story/bond-yields-stay-in-tight-range-as-key-pce-data-awaits-d4dd96b4\"\n    },\n    {\n        \"category\": \"top news\",\n        \"datetime\": 1740735540,\n        \"headline\": \"Bitcoin stumbles below $80,000. Here are the next levels to watch.\",\n        \"id\": 7453280,\n        \"image\": \"https://static2.finnhub.io/file/publicdatany/finnhubimage/market_watch_logo.png\",\n        \"related\": \"\",\n        \"source\": \"MarketWatch\",\n        \"summary\": \"A selloff for cryptocurrencies intensified on Friday as bitcoin fell below a level not seen since early November.\",\n        \"url\": \"https://www.marketwatch.com/story/bitcoin-stumbles-below-80-000-here-are-the-next-levels-to-watch-412905bd\"\n    },\n    {\n        \"category\": \"top news\",\n        \"datetime\": 1740732443,\n        \"headline\": \"Treasury yields fall as investors await Fed’s favorite inflation measure\",\n        \"id\": 7453291,\n        \"image\": \"https://image.cnbcfm.com/api/v1/image/108043077-1727987131300-gettyimages-2176503197-ms2_7533_fmfb8hrz.jpeg?v=1740731805\\u0026w=1920\\u0026h=1080\",\n        \"related\": \"\",\n        \"source\": \"CNBC\",\n        \"summary\": \"U.S. Treasury yields were lower on Friday as investors awaited the release of a key inflation reading — the most anticipated data of the week.\",\n        \"url\": \"https://www.cnbc.com/2025/02/28/us-treasury-yields-investors-await-feds-favorite-inflation-gauge.html\"\n    },\n    {\n        \"category\": \"top news\",\n        \"datetime\": 1740727122,\n        \"headline\": \"India needs 7.8% growth to become high income economy, World Bank says\",\n        \"id\": 7453782,\n        \"image\": \"https://data.bloomberglp.com/company/sites/2/2019/01/logobbg-wht.png\",\n        \"related\": \"\",\n        \"source\": \"Bloomberg\",\n        \"summary\": \"India is currently on track to become an upper middle-income country by 2032, but it will need two more decades of “very high growth” to reach its target of becoming an advanced economy by 2047\",\n        \"url\": \"https://www.bloomberg.com/news/articles/2025-02-28/india-needs-7-8-growth-to-become-high-income-world-bank-says\"\n    },\n    {\n        \"category\": \"top news\",\n        \"datetime\": 1740718980,\n        \"headline\": \"Friday’s ‘economic blackout’ boycott shows shoppers are fed up with high prices. Will it hit retailers where it hurts?\",\n        \"id\": 7453175,\n        \"image\": \"https://static2.finnhub.io/file/publicdatany/finnhubimage/market_watch_logo.png\",\n        \"related\": \"\",\n        \"source\": \"MarketWatch\",\n        \"summary\": \"The biggest impact of the 24-hour economic blackout protest planned for Feb. 28 could be the strong message it sends about consumer mood right now.\",\n        \"url\": \"https://www.marketwatch.com/story/fridays-economic-blackout-boycott-shows-shoppers-are-fed-up-with-high-prices-will-it-hit-retailers-where-it-hurts-4871a04f\"\n    },\n    {\n        \"category\": \"top news\",\n        \"datetime\": 1740710520,\n        \"headline\": \"SoundHound earnings mean the stock could end its tough month on a high note\",\n        \"id\": 7453156,\n        \"image\": \"https://static2.finnhub.io/file/publicdatany/finnhubimage/market_watch_logo.png\",\n        \"related\": \"\",\n        \"source\": \"MarketWatch\",\n        \"summary\": \"SoundHound saw accelerating growth in the latest quarter and touted new voice-based AI deals with fast-food restaurants.\",\n        \"url\": \"https://www.marketwatch.com/story/soundhound-earnings-mean-the-stock-could-end-its-tough-month-on-a-high-note-66db3c83\"\n    },\n    {\n        \"category\": \"top news\",\n        \"datetime\": 1740704520,\n        \"headline\": \"Social Security Administration announces ‘massive’ reorganization, ‘significant’ job cuts\",\n        \"id\": 7453144,\n        \"image\": \"https://static2.finnhub.io/file/publicdatany/finnhubimage/market_watch_logo.png\",\n        \"related\": \"\",\n        \"source\": \"MarketWatch\",\n        \"summary\": \"The Social Security Administration announced a “massive” reorganization and “significant” job cuts on Thursday that critics said could increase customer-service wait times and make it more difficult to detect fraud.\",\n        \"url\": \"https://www.marketwatch.com/story/social-security-administration-announces-massive-reorganization-significant-job-cuts-2c1d654b\"\n    },\n    {\n        \"category\": \"top news\",\n        \"datetime\": 1740702660,\n        \"headline\": \"Home-builder ETFs down in 2025 after brutal February as these worries weigh\",\n        \"id\": 7453108,\n        \"image\": \"https://static2.finnhub.io/file/publicdatany/finnhubimage/market_watch_logo.png\",\n        \"related\": \"\",\n        \"source\": \"MarketWatch\",\n        \"summary\": \"Home-builder ETFs are in the red in 2025 after a brutal February.\",\n        \"url\": \"https://www.marketwatch.com/story/home-builder-etfs-down-in-2025-after-brutal-february-as-these-worries-weigh-f8352c3c\"\n    },\n    {\n        \"category\": \"top news\",\n        \"datetime\": 1740700386,\n        \"headline\": \"Jim Cramer lists stocks that could withstand the impact of Trump's tariffs\",\n        \"id\": 7453107,\n        \"image\": \"https://image.cnbcfm.com/api/v1/image/104741303-IMG_8456r-jim-cramer.jpg?v=1693437257\\u0026w=1920\\u0026h=1080\",\n        \"related\": \"\",\n        \"source\": \"CNBC\",\n        \"summary\": \"CNBC's Jim Cramer on Thursday opined on the market instability caused by some of President Donald Trump's tariff decisions.\",\n        \"url\": \"https://www.cnbc.com/2025/02/27/jim-cramer-lists-stocks-that-could-withstand-impact-of-trumps-tariffs.html\"\n    },\n    {\n        \"category\": \"top news\",\n        \"datetime\": 1740699660,\n        \"headline\": \"Rocket Lab makes ‘bold’ satellite move, but shares slide on weak outlook\",\n        \"id\": 7453065,\n        \"image\": \"https://static2.finnhub.io/file/publicdatany/finnhubimage/market_watch_logo.png\",\n        \"related\": \"\",\n        \"source\": \"MarketWatch\",\n        \"summary\": \"Rocket Lab USA Inc. shares fell more than 14% in extended trading Thursday after the space-launch company topped Wall Street’s fourth-quarter revenue estimates but gave a weaker-than-expected first-quarter outlook.\",\n        \"url\": \"https://www.marketwatch.com/story/rocket-lab-shares-slide-on-weak-outlook-26450249\"\n    },\n    {\n        \"category\": \"top news\",\n        \"datetime\": 1740698527,\n        \"headline\": \"House Judiciary Committee subpoenas Alphabet, Meta, other tech giants over 'foreign censorship' of speech\",\n        \"id\": 7453064,\n        \"image\": \"https://image.cnbcfm.com/api/v1/image/108108767-1740695214088-gettyimages-2192262146-tas38039_qxrq5adz.jpeg?v=1740695289\\u0026w=1920\\u0026h=1080\",\n        \"related\": \"\",\n        \"source\": \"CNBC\",\n        \"summary\": \"The House committee is concerned that foreign laws around online content \\\"have limited Americans' access to lawful speech\\\" in the U.S.\",\n        \"url\": \"https://www.cnbc.com/2025/02/27/house-panel-subpoenas-tech-giants-over-foreign-censorship-of-speech.html\"\n    },\n    {\n        \"category\": \"top news\",\n        \"datetime\": 1740693480,\n        \"headline\": \"Nvidia earnings aren’t slowing. Why that’s good news for its Big Tech rivals.\",\n        \"id\": 7453034,\n        \"image\": \"https://static2.finnhub.io/file/publicdatany/finnhubimage/market_watch_logo.png\",\n        \"related\": \"\",\n        \"source\": \"MarketWatch\",\n        \"summary\": \"Nvidia’s growth means the AI and chip market is expanding, giving others a change to share in the wealth.\",\n        \"url\": \"https://www.marketwatch.com/story/nvidia-earnings-arent-slowing-why-thats-good-news-for-its-big-tech-rivals-8d54dab6\"\n    },\n    {\n        \"category\": \"top news\",\n        \"datetime\": 1740693360,\n        \"headline\": \"Autodesk says it’s cutting 9% of its workforce, and shares jump\",\n        \"id\": 7453029,\n        \"image\": \"https://static2.finnhub.io/file/publicdatany/finnhubimage/market_watch_logo.png\",\n        \"related\": \"\",\n        \"source\": \"MarketWatch\",\n        \"summary\": \"Design-software developer Autodesk Inc. on Thursday said it would cut around 9% of its workforce, or around 1,350 employees, amid a bigger effort to prioritize cloud services and artificial intelligence.\",\n        \"url\": \"https://www.marketwatch.com/story/autodesk-says-its-cutting-9-of-its-workforce-and-shares-jump-9fdd3d56\"\n    },\n    {\n        \"category\": \"top news\",\n        \"datetime\": 1740692940,\n        \"headline\": \"HP Inc. was proactive about the impact of tariffs, and it may be paying off\",\n        \"id\": 7453030,\n        \"image\": \"https://static2.finnhub.io/file/publicdatany/finnhubimage/market_watch_logo.png\",\n        \"related\": \"\",\n        \"source\": \"MarketWatch\",\n        \"summary\": \"HP Inc. has been proactive in dealing with the potential impact from looming tariffs on goods manufactured in China, including an ongoing shift of its manufacturing operations and purchasing more inventory ahead of the expected tariffs.\",\n        \"url\": \"https://www.marketwatch.com/story/hp-inc-was-proactive-about-the-impact-of-tariffs-and-it-may-be-paying-off-24e58e5d\"\n    },\n    {\n        \"category\": \"top news\",\n        \"datetime\": 1740691980,\n        \"headline\": \"Dell sees its backlog swell as big AI deals come through\",\n        \"id\": 7453017,\n        \"image\": \"https://static2.finnhub.io/file/publicdatany/finnhubimage/market_watch_logo.png\",\n        \"related\": \"\",\n        \"source\": \"MarketWatch\",\n        \"summary\": \"The company is expanding beyond large cloud providers with its AI-server business.\",\n        \"url\": \"https://www.marketwatch.com/story/dell-sees-its-backlog-swell-as-big-ai-deals-come-through-bc4388e1\"\n    },\n    {\n        \"category\": \"business\",\n        \"datetime\": 1740691241,\n        \"headline\": \"Senators grill Trump’s CFPB director pick: You are 'on the Titanic, good luck’\",\n        \"id\": 7453016,\n        \"image\": \"https://image.cnbcfm.com/api/v1/image/108108438-17406692452025-02-27t150938z_1792803079_rc233damn2pg_rtrmadp_0_usa-congress-cfpb.jpeg?v=1740669276\\u0026w=1920\\u0026h=1080\",\n        \"related\": \"\",\n        \"source\": \"CNBC\",\n        \"summary\": \"Since acting CFPB Director Russell Vought took over, the agency closed its Washington HQ, fired staff and told those who remain to stop nearly all work.\",\n        \"url\": \"https://www.cnbc.com/2025/02/27/senators-grill-trump-cfpb-pick-jonathan-mckernan.html\"\n    },\n    {\n        \"category\": \"top news\",\n        \"datetime\": 1740690780,\n        \"headline\": \"MrBeast claims to be a billionaire who has less than $1 million in cash. Is that normal for the rich?\",\n        \"id\": 7453006,\n        \"image\": \"https://static2.finnhub.io/file/publicdatany/finnhubimage/market_watch_logo.png\",\n        \"related\": \"\",\n        \"source\": \"MarketWatch\",\n        \"summary\": \"The YouTube star is also raising money for his business at a $5 billion valuation. Here’s what wealth advisers say to do with large amounts of cash.\",\n        \"url\": \"https://www.marketwatch.com/story/mrbeast-claims-to-be-a-billionaire-who-has-less-than-1-million-in-cash-is-that-normal-for-the-rich-1a68eae7\"\n    },\n    {\n        \"category\": \"top news\",\n        \"datetime\": 1740689700,\n        \"headline\": \"The stock market is luring investors with promises. Here’s why they should be nervous.\",\n        \"id\": 7452971,\n        \"image\": \"https://static2.finnhub.io/file/publicdatany/finnhubimage/market_watch_logo.png\",\n        \"related\": \"\",\n        \"source\": \"MarketWatch\",\n        \"summary\": \"The S\\u0026P 500’s false upside breakouts should give stock buyers pause.\",\n        \"url\": \"https://www.marketwatch.com/story/the-stock-market-is-luring-investors-with-promises-heres-why-they-should-be-nervous-a5192aef\"\n    },\n    {\n        \"category\": \"top news\",\n        \"datetime\": 1740689640,\n        \"headline\": \"Virgin Galactic’s new spacecraft looms large as company eyes future profitability\",\n        \"id\": 7452972,\n        \"image\": \"https://static2.finnhub.io/file/publicdatany/finnhubimage/market_watch_logo.png\",\n        \"related\": \"\",\n        \"source\": \"MarketWatch\",\n        \"summary\": \"Virgin Galactic Holdings Inc. says it is making progress building its new Delta-class spacecraft, which it says will help unlock the company’s future profitability.\",\n        \"url\": \"https://www.marketwatch.com/story/virgin-galactics-new-spacecraft-looms-large-as-company-eyes-future-profitability-4d1ece8f\"\n    },\n    {\n        \"category\": \"top news\",\n        \"datetime\": 1740688996,\n        \"headline\": \"Wall Street analysts downgraded this portfolio bank stock. It's a good time to get in\",\n        \"id\": 7453005,\n        \"image\": \"https://image.cnbcfm.com/api/v1/image/108047454-1728938012188-gettyimages-2165010563-ms1_7670_6v4ar9sr.jpeg?v=1740674385\\u0026w=1920\\u0026h=1080\",\n        \"related\": \"\",\n        \"source\": \"CNBC\",\n        \"summary\": \"KBW slashed Goldman's rating to market perform, citing the stock's elevated valuation.\",\n        \"url\": \"https://www.cnbc.com/2025/02/27/wall-street-downgraded-our-bank-stock-why-nows-the-time-to-get-in.html\"\n    },\n    {\n        \"category\": \"top news\",\n        \"datetime\": 1740687480,\n        \"headline\": \"Trump wants a 25% tariff on cars from the E.U. Where he could be going wrong.\",\n        \"id\": 7452960,\n        \"image\": \"https://static2.finnhub.io/file/publicdatany/finnhubimage/market_watch_logo.png\",\n        \"related\": \"\",\n        \"source\": \"MarketWatch\",\n        \"summary\": \"Some trade experts haven’t been won over by the 47th president’s tariff proposals, even as Europe’s big car companies are making shifts to deal with Trump 2.0.\",\n        \"url\": \"https://www.marketwatch.com/story/trump-wants-a-25-tariff-on-cars-from-the-e-u-where-he-could-be-going-wrong-e24268dc\"\n    },\n    {\n        \"category\": \"top news\",\n        \"datetime\": 1740686880,\n        \"headline\": \"Extremely fearful stock-market sentiment shows investors scare easily right now\",\n        \"id\": 7452957,\n        \"image\": \"https://static2.finnhub.io/file/publicdatany/finnhubimage/market_watch_logo.png\",\n        \"related\": \"\",\n        \"source\": \"MarketWatch\",\n        \"summary\": \"It doesn’t take much to spook stock-market investors in 2025.\",\n        \"url\": \"https://www.marketwatch.com/story/extremely-fearful-stock-market-sentiment-shows-investors-scare-easily-right-now-75d2edc2\"\n    },\n    {\n        \"category\": \"top news\",\n        \"datetime\": 1740686820,\n        \"headline\": \"Sony looks to sell streaming rights to ‘Jeopardy’ and ‘Wheel of Fortune’ for the first time\",\n        \"id\": 7452958,\n        \"image\": \"https://static2.finnhub.io/file/publicdatany/finnhubimage/market_watch_logo.png\",\n        \"related\": \"\",\n        \"source\": \"MarketWatch\",\n        \"summary\": \"Sony Pictures Entertainment said Thursday that it is moving to sell streaming rights to “Jeopardy” and “Wheel of Fortune,” two hit programs that have so far remained only available on traditional broadcast television.\",\n        \"url\": \"https://www.marketwatch.com/story/sony-looks-to-sell-streaming-rights-to-jeopardy-and-wheel-of-fortune-for-the-first-time-900a4ecf\"\n    },\n    {\n        \"category\": \"top news\",\n        \"datetime\": 1740685990,\n        \"headline\": \"Here's why we haven't been aggressively buying into the market weakness — just yet\",\n        \"id\": 7452955,\n        \"image\": \"https://image.cnbcfm.com/api/v1/image/108016351-1722877252874-gettyimages-2164960105-AFP_36AU3J3.jpeg?v=1740685350\\u0026w=1920\\u0026h=1080\",\n        \"related\": \"\",\n        \"source\": \"CNBC\",\n        \"summary\": \"Every weekday, the Investing Club releases the Homestretch; an actionable afternoon update just in time for the last hour of trading.\",\n        \"url\": \"https://www.cnbc.com/2025/02/27/heres-why-we-havent-been-aggressively-buying-into-the-market-weakness-just-yet.html\"\n    },\n    {\n        \"category\": \"business\",\n        \"datetime\": 1740685163,\n        \"headline\": \"Elon Musk says he's sending Starlink tech to FAA while saying, without evidence, that air safety is 'at risk'\",\n        \"id\": 7452945,\n        \"image\": \"https://image.cnbcfm.com/api/v1/image/107177181-1673449421857-gettyimages-1246152990-AFP_336V6W3.jpeg?v=1679576789\\u0026w=1920\\u0026h=1080\",\n        \"related\": \"\",\n        \"source\": \"CNBC\",\n        \"summary\": \"Executives at major airlines told CNBC Thursday that they do not see the FAA infrastructure as an immediate safety risk.\",\n        \"url\": \"https://www.cnbc.com/2025/02/27/elon-musk-starlink-faa-safety-claims.html\"\n    },\n    {\n        \"category\": \"top news\",\n        \"datetime\": 1740682690,\n        \"headline\": \"Here are three bullish aspects of Nvidia's quarter that the sellers are missing\",\n        \"id\": 7452939,\n        \"image\": \"https://image.cnbcfm.com/api/v1/image/108065850-1732127435290-gettyimages-2183848710-JAPAN_SON_HUANG.jpeg?v=1732128149\\u0026w=1920\\u0026h=1080\",\n        \"related\": \"\",\n        \"source\": \"CNBC\",\n        \"summary\": \"Nvidia gave the bulls plenty to like Wednesday night.\",\n        \"url\": \"https://www.cnbc.com/2025/02/27/here-are-three-bullish-aspects-of-nvidias-quarter-that-the-sellers-are-missing.html\"\n    },\n    {\n        \"category\": \"top news\",\n        \"datetime\": 1740682080,\n        \"headline\": \"Here’s why the U.S. is not working to vaccinate birds against avian flu\",\n        \"id\": 7452937,\n        \"image\": \"https://static2.finnhub.io/file/publicdatany/finnhubimage/market_watch_logo.png\",\n        \"related\": \"\",\n        \"source\": \"MarketWatch\",\n        \"summary\": \"More than 160 million birds have been culled during the bird-flu outbreak that started in 2022. So why is the U.S. not vaccinating chickens?\",\n        \"url\": \"https://www.marketwatch.com/story/heres-why-the-u-s-is-not-working-to-vaccinate-birds-against-avian-flu-b5daa56d\"\n    },\n    {\n        \"category\": \"business\",\n        \"datetime\": 1740681489,\n        \"headline\": \"Venu is done. Here's how Fox, Disney and WBD plan to go it alone in sports streaming\",\n        \"id\": 7452935,\n        \"image\": \"https://image.cnbcfm.com/api/v1/image/108021767-1736517422148-108021767-1723840887136-IMG_9789.jpg?v=1736517435\\u0026w=1920\\u0026h=1080\",\n        \"related\": \"\",\n        \"source\": \"CNBC\",\n        \"summary\": \"Fox, Disney and Warner Bros. Discovery disbanded their efforts to launch Venu, a joint sports streaming service.\",\n        \"url\": \"https://www.cnbc.com/2025/02/27/venu-fox-disney-wbd-sports-streaming-strategies.html\"\n    },\n    {\n        \"category\": \"top news\",\n        \"datetime\": 1740681480,\n        \"headline\": \"Mortgage rates are falling. Here’s how much income you need now to buy a house for $250,000, $400,000 and $1 million\",\n        \"id\": 7452934,\n        \"image\": \"https://static2.finnhub.io/file/publicdatany/finnhubimage/market_watch_logo.png\",\n        \"related\": \"\",\n        \"source\": \"MarketWatch\",\n        \"summary\": \"Mortgage rates fell for the sixth week in a row, offering more financial relief to home buyers.\",\n        \"url\": \"https://www.marketwatch.com/story/mortgage-rates-are-falling-heres-how-much-income-you-need-now-to-buy-a-house-for-250-000-400-000-and-1-million-a5358491\"\n    },\n    {\n        \"category\": \"top news\",\n        \"datetime\": 1740680640,\n        \"headline\": \"Trump to ratchet up China tariffs again. Here’s why American consumers will feel the pain this time.\",\n        \"id\": 7452928,\n        \"image\": \"https://static2.finnhub.io/file/publicdatany/finnhubimage/market_watch_logo.png\",\n        \"related\": \"\",\n        \"source\": \"MarketWatch\",\n        \"summary\": \"New York Fed analysis suggests “missing imports” from China could mean higher costs ahead.\",\n        \"url\": \"https://www.marketwatch.com/story/trump-to-ratchet-up-china-tariffs-again-heres-why-consumers-will-feel-the-pain-this-time-14580cc3\"\n    },\n    {\n        \"category\": \"top news\",\n        \"datetime\": 1740680580,\n        \"headline\": \"AMC’s most liquid bond is rallying following the movie-theater chain’s fourth-quarter results\",\n        \"id\": 7452929,\n        \"image\": \"https://static2.finnhub.io/file/publicdatany/finnhubimage/market_watch_logo.png\",\n        \"related\": \"\",\n        \"source\": \"MarketWatch\",\n        \"summary\": \"AMC reported better-than-expected fourth-quarter revenue this week, boosted by an improving box office\",\n        \"url\": \"https://www.marketwatch.com/story/amcs-most-liquid-bond-is-rallying-following-the-movie-theater-chains-fourth-quarter-results-e6ab78ab\"\n    },\n    {\n        \"category\": \"top news\",\n        \"datetime\": 1740678180,\n        \"headline\": \"The Fed’s favorite tool to track inflation unlikely to offer ammo for reducing U.S. interest rates\",\n        \"id\": 7452921,\n        \"image\": \"https://static2.finnhub.io/file/publicdatany/finnhubimage/market_watch_logo.png\",\n        \"related\": \"\",\n        \"source\": \"MarketWatch\",\n        \"summary\": \"The latest look at U.S. inflation is unlikely to ease the worries on Wall Street, but it probably won’t add to the jitters.\",\n        \"url\": \"https://www.marketwatch.com/story/the-feds-favorite-tool-to-track-inflation-unlikely-to-offer-ammo-for-reducing-u-s-interest-rates-b0ea0827\"\n    },\n    {\n        \"category\": \"top news\",\n        \"datetime\": 1740677878,\n        \"headline\": \"The Social Security Fairness Act could boost payments for more than 3.2 million Americans—see who qualifies\",\n        \"id\": 7452925,\n        \"image\": \"https://image.cnbcfm.com/api/v1/image/108105620-1740146941122-gettyimages-1707905778-002a4774.jpeg?v=1740147275\\u0026w=1920\\u0026h=1080\",\n        \"related\": \"\",\n        \"source\": \"CNBC\",\n        \"summary\": \"President Joe Biden signed the Social Security Fairness Act into law before he left office in January. Here's who may see a boost to their benefits and when.\",\n        \"url\": \"https://www.cnbc.com/2025/02/27/who-qualifies-for-larger-payments-under-social-security-fairness-act.html\"\n    },\n    {\n        \"category\": \"top news\",\n        \"datetime\": 1740677760,\n        \"headline\": \"Trump’s tariff push has spooked investors. Here’s what it would take for him to step in to stop the selling.\",\n        \"id\": 7452910,\n        \"image\": \"https://static2.finnhub.io/file/publicdatany/finnhubimage/market_watch_logo.png\",\n        \"related\": \"\",\n        \"source\": \"MarketWatch\",\n        \"summary\": \"The latest wobble in the U.S. stock market has been fairly modest so far, with the S\\u0026P 500 still within 4% of its record closing high from last week. But that hasn’t stopped some on Wall Street from speculating about what it might take for the administration to step in.\",\n        \"url\": \"https://www.marketwatch.com/story/trumps-tariff-push-has-spooked-investors-heres-what-it-would-take-for-him-to-step-in-to-stop-the-selling-7028f98c\"\n    },\n    {\n        \"category\": \"top news\",\n        \"datetime\": 1740677048,\n        \"headline\": \"Jim Cramer says 'it's a new market' — plus, time to take some gains in this stock\",\n        \"id\": 7452909,\n        \"image\": \"https://image.cnbcfm.com/api/v1/image/108087311-1736975973214-gettyimages-2187254257-11_usa_new_york_stock_exchange_img_8875.jpeg?v=1740674708\\u0026w=1920\\u0026h=1080\",\n        \"related\": \"\",\n        \"source\": \"CNBC\",\n        \"summary\": \"The Investing Club holds its \\\"Morning Meeting\\\" every weekday at 10:20 a.m. ET.\",\n        \"url\": \"https://www.cnbc.com/2025/02/27/jim-cramer-says-its-a-new-market-plus-time-to-take-some-gains.html\"\n    },\n    {\n        \"category\": \"top news\",\n        \"datetime\": 1740675432,\n        \"headline\": \"Paramount ends DEI policies, cites Trump executive order\",\n        \"id\": 7452903,\n        \"image\": \"https://image.cnbcfm.com/api/v1/image/108038295-1727181898915-gettyimages-2167968575-SKYDANCE_PARAMOUNT.jpeg?v=1734725902\\u0026w=1920\\u0026h=1080\",\n        \"related\": \"\",\n        \"source\": \"CNBC\",\n        \"summary\": \"Paramount Global announced it is ending numerous diversity, equity and inclusion policies to comply with President Trump's executive order banning the practice.\",\n        \"url\": \"https://www.cnbc.com/2025/02/27/paramount-ends-dei-policies-cites-trump-executive-order.html\"\n    },\n    {\n        \"category\": \"top news\",\n        \"datetime\": 1740674040,\n        \"headline\": \"Goldman Sachs downgraded partly on ‘disappointing’ start to 2025 dealmaking\",\n        \"id\": 7452895,\n        \"image\": \"https://static2.finnhub.io/file/publicdatany/finnhubimage/market_watch_logo.png\",\n        \"related\": \"\",\n        \"source\": \"MarketWatch\",\n        \"summary\": \"Expectations of a banner year in dealmaking have not yet materialized due to worries about inflation and uncertainties over U.S. government policy, and that is weighing on Goldman Sachs’s current valuation, analysts said.\",\n        \"url\": \"https://www.marketwatch.com/story/goldman-sachs-downgraded-partly-on-disappointing-start-to-2025-dealmaking-2b7a3f7f\"\n    },\n    {\n        \"category\": \"top news\",\n        \"datetime\": 1740672600,\n        \"headline\": \"Salesforce’s growth hits a bad milestone. Can its AI agents provide a boost?\",\n        \"id\": 7452855,\n        \"image\": \"https://static2.finnhub.io/file/publicdatany/finnhubimage/market_watch_logo.png\",\n        \"related\": \"\",\n        \"source\": \"MarketWatch\",\n        \"summary\": \"The cloud software pioneer delivered an annual revenue growth rate in the single digits for the first time.\",\n        \"url\": \"https://www.marketwatch.com/story/salesforces-growth-hits-a-bad-milestone-can-its-ai-agents-provide-a-boost-ba21788a\"\n    },\n    {\n        \"category\": \"top news\",\n        \"datetime\": 1740672480,\n        \"headline\": \"Moderna’s stock stumbles on report HHS is reviewing a $590 million bird-flu-vaccine award\",\n        \"id\": 7452856,\n        \"image\": \"https://static2.finnhub.io/file/publicdatany/finnhubimage/market_watch_logo.png\",\n        \"related\": \"\",\n        \"source\": \"MarketWatch\",\n        \"summary\": \"The Trump administration is reviewing a contract extended to Moderna in the final days of the Biden administration.\",\n        \"url\": \"https://www.marketwatch.com/story/modernas-stock-stumbles-on-report-hhs-is-reviewing-a-590-million-bird-flu-vaccine-award-78ae0602\"\n    },\n    {\n        \"category\": \"top news\",\n        \"datetime\": 1740671520,\n        \"headline\": \"Student-loan borrowers struggle to access repayment plans. Advocates worry about ‘chaos.’\",\n        \"id\": 7452857,\n        \"image\": \"https://static2.finnhub.io/file/publicdatany/finnhubimage/market_watch_logo.png\",\n        \"related\": \"\",\n        \"source\": \"MarketWatch\",\n        \"summary\": \"The Trump administration’s push for efficiency could result in student-loan borrowers receiving the bare minimum of service just as millions of them need help staying on track.\",\n        \"url\": \"https://www.marketwatch.com/story/student-loan-borrowers-struggle-to-access-repayment-plans-advocates-worry-about-chaos-97a38567\"\n    },\n    {\n        \"category\": \"top news\",\n        \"datetime\": 1740670707,\n        \"headline\": \"The good times are over for the world's largest ocean carriers as pricing power plummets\",\n        \"id\": 7452854,\n        \"image\": \"https://image.cnbcfm.com/api/v1/image/108082661-1736191592137-gettyimages-2171184274-968_08_24idm0969.jpeg?v=1736191617\\u0026w=1920\\u0026h=1080\",\n        \"related\": \"\",\n        \"source\": \"CNBC\",\n        \"summary\": \"The world's ocean carriers, which transport global trade on giant container ships, are under pricing pressure to start 2025.\",\n        \"url\": \"https://www.cnbc.com/2025/02/27/the-good-times-are-over-for-worlds-ocean-shippers-as-prices-plummet.html\"\n    },\n    {\n        \"category\": \"top news\",\n        \"datetime\": 1740670560,\n        \"headline\": \"Nvidia’s stock is in a funk. Earnings didn’t help, but here’s what could.\",\n        \"id\": 7452815,\n        \"image\": \"https://static2.finnhub.io/file/publicdatany/finnhubimage/market_watch_logo.png\",\n        \"related\": \"\",\n        \"source\": \"MarketWatch\",\n        \"summary\": \"Can Nvidia’s GTC conference give the stock a boost? One analyst thinks a bigger catalyst might be simply psychological.\",\n        \"url\": \"https://www.marketwatch.com/story/nvidias-stock-is-in-a-funk-earnings-didnt-help-but-heres-what-could-70be4cdb\"\n    },\n    {\n        \"category\": \"top news\",\n        \"datetime\": 1740669720,\n        \"headline\": \"Fed’s Schmid warns against rate cuts in response to weaker outlook\",\n        \"id\": 7452812,\n        \"image\": \"https://static2.finnhub.io/file/publicdatany/finnhubimage/market_watch_logo.png\",\n        \"related\": \"\",\n        \"source\": \"MarketWatch\",\n        \"summary\": \"Schmid, a voting member of the Fed’s interest-rate committee this year, pointed to two lasting lessons from history.\",\n        \"url\": \"https://www.marketwatch.com/story/feds-schmid-warns-against-rate-cuts-in-response-to-weaker-outlook-f7265014\"\n    },\n    {\n        \"category\": \"top news\",\n        \"datetime\": 1740667680,\n        \"headline\": \"Nvidia is biggest chip player. But it also leads by this metric — which may surprise you.\",\n        \"id\": 7452789,\n        \"image\": \"https://static2.finnhub.io/file/publicdatany/finnhubimage/market_watch_logo.png\",\n        \"related\": \"\",\n        \"source\": \"MarketWatch\",\n        \"summary\": \"These 15 companies are expected to show the highest compound annual growth rates for revenue from calendar year 2024 through calendar year 2026.\",\n        \"url\": \"https://www.marketwatch.com/story/nvidia-is-biggest-chip-player-but-it-also-leads-by-this-metric-which-may-surprise-you-c3ddb86b\"\n    },\n    {\n        \"category\": \"top news\",\n        \"datetime\": 1740666900,\n        \"headline\": \"Warner Bros.’ stock gets boost from upbeat guidance about strong subscriber growth\",\n        \"id\": 7452782,\n        \"image\": \"https://static2.finnhub.io/file/publicdatany/finnhubimage/market_watch_logo.png\",\n        \"related\": \"\",\n        \"source\": \"MarketWatch\",\n        \"summary\": \"Warner Bros. Discovery’s DTC and studios results were “very encouraging,” one analyst noted.\",\n        \"url\": \"https://www.marketwatch.com/story/warner-bros-earnings-lag-estimates-but-company-offers-upbeat-guidance-f7ef03fe\"\n    },\n    {\n        \"category\": \"top news\",\n        \"datetime\": 1740666415,\n        \"headline\": \"Snowflake surges 13% on earnings beat as company expands AI push\",\n        \"id\": 7452780,\n        \"image\": \"https://image.cnbcfm.com/api/v1/image/108066261-1732196944033-gettyimages-1246536173-porzycki-aicompan230125_npaZF.jpeg?v=1740662552\\u0026w=1920\\u0026h=1080\",\n        \"related\": \"\",\n        \"source\": \"CNBC\",\n        \"summary\": \"Snowflake announced an expanded partnership with Microsoft Azure to offer access to OpenAI models on Wednesday.\",\n        \"url\": \"https://www.cnbc.com/2025/02/27/snowflake-surges-13percent-on-earnings-beat-as-company-expands-ai-push.html\"\n    },\n    {\n        \"category\": \"top news\",\n        \"datetime\": 1740666300,\n        \"headline\": \"U.S. recession ‘no longer seems completely unthinkable’ as jobless claims spike higher\",\n        \"id\": 7452776,\n        \"image\": \"https://static2.finnhub.io/file/publicdatany/finnhubimage/market_watch_logo.png\",\n        \"related\": \"\",\n        \"source\": \"MarketWatch\",\n        \"summary\": \"DOGE layoffs, along with signs of a slowing economy, spark questions about a potential serious stumble for the economy.\",\n        \"url\": \"https://www.marketwatch.com/story/u-s-recession-no-longer-seems-completely-unthinkable-as-jobless-claims-spike-higher-74acd4ca\"\n    }\n]\n}",
  "type" : "custom",
  "doc_type" : null,
  "source_type" : "jsonsample",
  "ignore_missing_schemas" : false,
  "has_ref_schemas" : null,
  "flat_file_config" : null,
  "active" : false,
  "is_changed" : false,
  "tag" : "V2",
  "comment" : "Update OpenAI API API Key",
  "base_tag" : "V1"
}