{
  "id" : "f20f9ca9-d5bb-4111-ab08-98d39f778fbb",
  "name" : "EnhancedMarketNews",
  "createdOn" : "2025-03-02T13:38:07.501",
  "modifiedOn" : "2025-03-02T16:04:33.301",
  "createdBy" : "fbe89da3-e0bb-4982-bd59-d46f52883257",
  "modifiedBy" : "fbe89da3-e0bb-4982-bd59-d46f52883257",
  "projectDescription" : "EnhancedMarketNews",
  "active" : false,
  "tag" : "V2",
  "comment" : "Update OpenAI API API Key",
  "baseTag" : "V1",
  "modeId" : "112c1cb8-4b9e-4d1a-a042-0bd031dc7d05",
  "deployedOn" : null,
  "details" : null,
  "projectType" : "Fusion"
}