{
  "id" : "9f2c72eb-c18a-40eb-bb5c-00826efe609d",
  "name" : "marketnewsinsights_",
  "description" : "marketnewsinsights",
  "iserror" : false,
  "no_of_errors" : 0,
  "service_input" : null,
  "service_output" : null,
  "service_input_json_schema" : null,
  "service_output_json_schema" : null,
  "type" : "EVENTDRIVEN",
  "error_handler" : false,
  "tag" : "V2",
  "active" : false,
  "is_changed" : false,
  "comment" : "Update OpenAI API API Key",
  "base_tag" : "V1",
  "test_input" : {
    "type" : "jsonb",
    "value" : "[]",
    "null" : false
  },
  "test_input_structure" : {
    "type" : "jsonb",
    "value" : "[]",
    "null" : false
  }
}